/*
Navicat MySQL Data Transfer

Source Server         : localhost
Source Server Version : 50717
Source Host           : localhost:3306
Source Database       : yumoa

Target Server Type    : MYSQL
Target Server Version : 50717
File Encoding         : 65001

Date: 2020-08-22 18:40:28
*/

SET FOREIGN_KEY_CHECKS=0;

-- ----------------------------
-- Table structure for act_evt_log
-- ----------------------------
DROP TABLE IF EXISTS `act_evt_log`;
CREATE TABLE `act_evt_log` (
  `LOG_NR_` bigint(20) NOT NULL AUTO_INCREMENT,
  `TYPE_` varchar(64) COLLATE utf8_bin DEFAULT NULL,
  `PROC_DEF_ID_` varchar(64) COLLATE utf8_bin DEFAULT NULL,
  `PROC_INST_ID_` varchar(64) COLLATE utf8_bin DEFAULT NULL,
  `EXECUTION_ID_` varchar(64) COLLATE utf8_bin DEFAULT NULL,
  `TASK_ID_` varchar(64) COLLATE utf8_bin DEFAULT NULL,
  `TIME_STAMP_` timestamp(3) NOT NULL DEFAULT CURRENT_TIMESTAMP(3) ON UPDATE CURRENT_TIMESTAMP(3),
  `USER_ID_` varchar(255) COLLATE utf8_bin DEFAULT NULL,
  `DATA_` longblob,
  `LOCK_OWNER_` varchar(255) COLLATE utf8_bin DEFAULT NULL,
  `LOCK_TIME_` timestamp(3) NULL DEFAULT NULL,
  `IS_PROCESSED_` tinyint(4) DEFAULT '0',
  PRIMARY KEY (`LOG_NR_`)
) ENGINE=InnoDB DEFAULT CHARSET=utf8 COLLATE=utf8_bin;

-- ----------------------------
-- Records of act_evt_log
-- ----------------------------

-- ----------------------------
-- Table structure for act_ge_bytearray
-- ----------------------------
DROP TABLE IF EXISTS `act_ge_bytearray`;
CREATE TABLE `act_ge_bytearray` (
  `ID_` varchar(64) COLLATE utf8_bin NOT NULL,
  `REV_` int(11) DEFAULT NULL,
  `NAME_` varchar(255) COLLATE utf8_bin DEFAULT NULL,
  `DEPLOYMENT_ID_` varchar(64) COLLATE utf8_bin DEFAULT NULL,
  `BYTES_` longblob,
  `GENERATED_` tinyint(4) DEFAULT NULL,
  PRIMARY KEY (`ID_`),
  KEY `ACT_FK_BYTEARR_DEPL` (`DEPLOYMENT_ID_`),
  CONSTRAINT `ACT_FK_BYTEARR_DEPL` FOREIGN KEY (`DEPLOYMENT_ID_`) REFERENCES `act_re_deployment` (`ID_`)
) ENGINE=InnoDB DEFAULT CHARSET=utf8 COLLATE=utf8_bin;

-- ----------------------------
-- Records of act_ge_bytearray
-- ----------------------------
INSERT INTO `act_ge_bytearray` VALUES ('5002', '2', 'source', null, 0x7B227265736F757263654964223A2235303031222C2270726F70657274696573223A7B2270726F636573735F6964223A226C65617665222C226E616D65223A22E8AFB7E58187E6B581E7A88B222C22646F63756D656E746174696F6E223A22222C2270726F636573735F617574686F72223A22222C2270726F636573735F76657273696F6E223A22222C2270726F636573735F6E616D657370616365223A22687474703A2F2F7777772E61637469766974692E6F72672F70726F63657373646566222C22657865637574696F6E6C697374656E657273223A22222C226576656E746C697374656E657273223A22222C227369676E616C646566696E6974696F6E73223A22222C226D657373616765646566696E6974696F6E73223A22227D2C227374656E63696C223A7B226964223A2242504D4E4469616772616D227D2C226368696C64536861706573223A5B7B227265736F757263654964223A227369642D41334437343742342D464342322D343234332D394632342D353339423445373330383232222C2270726F70657274696573223A7B226F766572726964656964223A22222C226E616D65223A22E5BC80E5A78B222C22646F63756D656E746174696F6E223A22222C22657865637574696F6E6C697374656E657273223A22222C22696E69746961746F72223A2231222C22666F726D6B6579646566696E6974696F6E223A22222C22666F726D7265666572656E6365223A22222C22666F726D70726F70657274696573223A22227D2C227374656E63696C223A7B226964223A2253746172744E6F6E654576656E74227D2C226368696C64536861706573223A5B5D2C226F7574676F696E67223A5B7B227265736F757263654964223A227369642D38414245433142362D304644362D343235352D424435342D373636313439363836313243227D5D2C22626F756E6473223A7B226C6F7765725269676874223A7B2278223A37352E352C2279223A3231387D2C2275707065724C656674223A7B2278223A34352E352C2279223A3138387D7D2C22646F636B657273223A5B5D7D2C7B227265736F757263654964223A227369642D43384143464643342D464533412D344632352D423134372D303638433042414331464243222C2270726F70657274696573223A7B226F766572726964656964223A22222C226E616D65223A22E58F91E8B5B7E794B3E8AFB7222C22646F63756D656E746174696F6E223A22222C226173796E6368726F6E6F7573646566696E6974696F6E223A2266616C7365222C226578636C7573697665646566696E6974696F6E223A2266616C7365222C22657865637574696F6E6C697374656E657273223A22222C226D756C7469696E7374616E63655F74797065223A224E6F6E65222C226D756C7469696E7374616E63655F63617264696E616C697479223A22222C226D756C7469696E7374616E63655F636F6C6C656374696F6E223A22222C226D756C7469696E7374616E63655F7661726961626C65223A22222C226D756C7469696E7374616E63655F636F6E646974696F6E223A22222C226973666F72636F6D70656E736174696F6E223A2266616C7365222C22757365727461736B61737369676E6D656E74223A7B2261737369676E6D656E74223A7B2261737369676E6565223A2231227D7D2C22666F726D6B6579646566696E6974696F6E223A22222C22666F726D7265666572656E6365223A22222C2264756564617465646566696E6974696F6E223A22222C227072696F72697479646566696E6974696F6E223A22222C22666F726D70726F70657274696573223A22222C227461736B6C697374656E657273223A22227D2C227374656E63696C223A7B226964223A22557365725461736B227D2C226368696C64536861706573223A5B5D2C226F7574676F696E67223A5B7B227265736F757263654964223A227369642D43424137363044362D343344302D343741422D393538462D383245433044354144373341227D5D2C22626F756E6473223A7B226C6F7765725269676874223A7B2278223A3333342E352C2279223A3234337D2C2275707065724C656674223A7B2278223A3233342E352C2279223A3136337D7D2C22646F636B657273223A5B5D7D2C7B227265736F757263654964223A227369642D31464135374645322D413434312D343143362D413946302D354641393046423734464142222C2270726F70657274696573223A7B226F766572726964656964223A22222C226E616D65223A22E9A286E5AFBCE5AEA1E689B9222C22646F63756D656E746174696F6E223A22222C226173796E6368726F6E6F7573646566696E6974696F6E223A2266616C7365222C226578636C7573697665646566696E6974696F6E223A2266616C7365222C22657865637574696F6E6C697374656E657273223A22222C226D756C7469696E7374616E63655F74797065223A224E6F6E65222C226D756C7469696E7374616E63655F63617264696E616C697479223A22222C226D756C7469696E7374616E63655F636F6C6C656374696F6E223A22222C226D756C7469696E7374616E63655F7661726961626C65223A22222C226D756C7469696E7374616E63655F636F6E646974696F6E223A22222C226973666F72636F6D70656E736174696F6E223A2266616C7365222C22757365727461736B61737369676E6D656E74223A7B2261737369676E6D656E74223A7B2261737369676E6565223A2232227D7D2C22666F726D6B6579646566696E6974696F6E223A22222C22666F726D7265666572656E6365223A22222C2264756564617465646566696E6974696F6E223A22222C227072696F72697479646566696E6974696F6E223A22222C22666F726D70726F70657274696573223A22222C227461736B6C697374656E657273223A22227D2C227374656E63696C223A7B226964223A22557365725461736B227D2C226368696C64536861706573223A5B5D2C226F7574676F696E67223A5B7B227265736F757263654964223A227369642D32343039354539302D394636312D344135352D423942312D353830343946303546454334227D5D2C22626F756E6473223A7B226C6F7765725269676874223A7B2278223A3538302C2279223A3234337D2C2275707065724C656674223A7B2278223A3438302C2279223A3136337D7D2C22646F636B657273223A5B5D7D2C7B227265736F757263654964223A227369642D32414438424639382D324234312D343033442D424534382D324333373232443239353542222C2270726F70657274696573223A7B226F766572726964656964223A22222C226E616D65223A22E7BB93E69D9F222C22646F63756D656E746174696F6E223A22222C22657865637574696F6E6C697374656E657273223A22227D2C227374656E63696C223A7B226964223A22456E644E6F6E654576656E74227D2C226368696C64536861706573223A5B5D2C226F7574676F696E67223A5B5D2C22626F756E6473223A7B226C6F7765725269676874223A7B2278223A3737382C2279223A3231377D2C2275707065724C656674223A7B2278223A3735302C2279223A3138397D7D2C22646F636B657273223A5B5D7D2C7B227265736F757263654964223A227369642D38414245433142362D304644362D343235352D424435342D373636313439363836313243222C2270726F70657274696573223A7B226F766572726964656964223A22222C226E616D65223A22222C22646F63756D656E746174696F6E223A22222C22636F6E646974696F6E73657175656E6365666C6F77223A22222C22657865637574696F6E6C697374656E657273223A22222C2264656661756C74666C6F77223A2266616C7365227D2C227374656E63696C223A7B226964223A2253657175656E6365466C6F77227D2C226368696C64536861706573223A5B5D2C226F7574676F696E67223A5B7B227265736F757263654964223A227369642D43384143464643342D464533412D344632352D423134372D303638433042414331464243227D5D2C22626F756E6473223A7B226C6F7765725269676874223A7B2278223A3233342E352C2279223A3230337D2C2275707065724C656674223A7B2278223A37352E352C2279223A3230337D7D2C22646F636B657273223A5B7B2278223A31352C2279223A31357D2C7B2278223A35302C2279223A34307D5D2C22746172676574223A7B227265736F757263654964223A227369642D43384143464643342D464533412D344632352D423134372D303638433042414331464243227D7D2C7B227265736F757263654964223A227369642D43424137363044362D343344302D343741422D393538462D383245433044354144373341222C2270726F70657274696573223A7B226F766572726964656964223A22222C226E616D65223A22222C22646F63756D656E746174696F6E223A22222C22636F6E646974696F6E73657175656E6365666C6F77223A22222C22657865637574696F6E6C697374656E657273223A22222C2264656661756C74666C6F77223A2266616C7365227D2C227374656E63696C223A7B226964223A2253657175656E6365466C6F77227D2C226368696C64536861706573223A5B5D2C226F7574676F696E67223A5B7B227265736F757263654964223A227369642D31464135374645322D413434312D343143362D413946302D354641393046423734464142227D5D2C22626F756E6473223A7B226C6F7765725269676874223A7B2278223A3437392E313332383132352C2279223A3230337D2C2275707065724C656674223A7B2278223A3333352E333637313837352C2279223A3230337D7D2C22646F636B657273223A5B7B2278223A35302C2279223A34307D2C7B2278223A35302C2279223A34307D5D2C22746172676574223A7B227265736F757263654964223A227369642D31464135374645322D413434312D343143362D413946302D354641393046423734464142227D7D2C7B227265736F757263654964223A227369642D32343039354539302D394636312D344135352D423942312D353830343946303546454334222C2270726F70657274696573223A7B226F766572726964656964223A22222C226E616D65223A22222C22646F63756D656E746174696F6E223A22222C22636F6E646974696F6E73657175656E6365666C6F77223A22222C22657865637574696F6E6C697374656E657273223A22222C2264656661756C74666C6F77223A2266616C7365227D2C227374656E63696C223A7B226964223A2253657175656E6365466C6F77227D2C226368696C64536861706573223A5B5D2C226F7574676F696E67223A5B7B227265736F757263654964223A227369642D32414438424639382D324234312D343033442D424534382D324333373232443239353542227D5D2C22626F756E6473223A7B226C6F7765725269676874223A7B2278223A3734392E323839303632352C2279223A3230337D2C2275707065724C656674223A7B2278223A3538302E3335393337352C2279223A3230337D7D2C22646F636B657273223A5B7B2278223A35302C2279223A34307D2C7B2278223A31342C2279223A31347D5D2C22746172676574223A7B227265736F757263654964223A227369642D32414438424639382D324234312D343033442D424534382D324333373232443239353542227D7D5D2C22626F756E6473223A7B226C6F7765725269676874223A7B2278223A313230302C2279223A313035307D2C2275707065724C656674223A7B2278223A302C2279223A307D7D2C227374656E63696C736574223A7B2275726C223A227374656E63696C736574732F62706D6E322E302F62706D6E322E302E6A736F6E222C226E616D657370616365223A22687474703A2F2F62336D6E2E6F72672F7374656E63696C7365742F62706D6E322E3023227D2C227373657874656E73696F6E73223A5B5D7D, null);
INSERT INTO `act_ge_bytearray` VALUES ('5003', '1', 'source-extra', null, 0x89504E470D0A1A0A0000000D494844520000033C00000125080600000021B0E794000000206348524D00007A26000080840000FA00000080E8000075300000EA6000003A98000017709CBA513C0000000467414D410000B18E7CFB5193000000017352474200AECE1CE900000006624B474400FF00FF00FFA0BDA793000000097048597300000EC400000EC401952B0E1B000020004944415478DAEDDD0B949565BD30F0778601065040044443342FA5764CF2E849CD94E3512C33B3A32E4090CFEC4BF3949E524FEA322F5967752A5965C7CF6B96D7C4C824241374199AA589820A2A98C270BFDF6F0333CC7CCF7F339BB6E38CA2C3DCB6BFDF5ACFDAF73D33CFDEFF779EFF737BB30C000000000000000000000000000000000000000000000000000000000000000000000000000000000000000000000000000000000000000000000000000000000000000000000000000000000000000000000000000000000000000000000000000000000000000000000000000000000000000000000000000000000000000000000000000000000000000000000000000000000000000000000000000000000000000000000000000000000000000000000000000000000000000000000000000000000000000000000000000000000000000000000000000000000000000000000000000000000000000000000000000000000000000000000000000000000000000000000000000000000000000000000000000000000000000000000000000000000000000000000000000000000000000000000000000000000000000000000000000000000000000000000000000000000000000000000000000000000000000000000000000000000000000000000000000000000000000000000000000000000000000000000000000000000000000000000000000000000000000000000000000000000000000000000000000000000000000000000000000000000000000000000000000000000000000000000000000000000000000000000000000000000000000000000000000000000000000000000000000000000000000000000000000000000000804694A80268BFA64F9F7EE6962D5B2EDCBC79F33F6FDCB8B1474D4D8D4A69EA41B1A424EBD2A5CBBA54A675ECD8F1D6430F3DF45EB5424BA9ADAD2D9F3D7BF637D7AF5F3F22C5F4C7376CD8502EAE774A5CD776EEDC7945A74E9D9EAFAAAABAE1D8638FFD935A01090FD0864D9932E5E8CACACAD15BB76EDDBB5FBF7E253D7AF4C876DD75D7ACB4B454E53451342E5363335BBB766DB664C992B86B7E4A7CCE39F2C82327A91D9A534A74BEBE7CF9F25129B6BBA6B8CEC475F3C4F5E2C58BB7A463E7EB9B366D1A71F2C9274F573B20E101DA98A953A7FEDF356BD6DC3660C080D2BDF6DA2B372241F359B870613667CE9C9A9E3D7B5E3670E0C09FAA119AC3DCB973C7CE9A35EB4B29AE3371DD32715D5151B1A9B6B676D809279CF07B3502C5AD832A80F695ECAC5FBFFED6430E39A4439F3E7D348A5A40F4B0F7EAD5AB64FEFCF9277DF39BDF5C71FBEDB74F562BECEC6427952F1D7CF0C199B86ED1B8EEB874E9D22F8C183162DA3DF7DCF3865A01090FD0CA264C9870507575F5F894EC9475EFDEFD1D8FD7D6D6642BE7FC395BF4EA43D9D237FE90AD5EF042565B539575E9D13F35A04C89698A4E9D3A653D7BF62C99376FDE4923478E1C77F7DD772F512BEC0C318DADA2A2E2D248761A8AEBCDEB97648B5F7B385BFCFAEFB3E5B3FF946D5C353BEBDCAD6F56D6B9BBCADB09719D929ECE8B172F3E65F8F0E17FB8EFBEFB96AA15284E5A41D04E74EDDA75CC8001033A36D4280A4B668CCB96BD3931ABDAB43277BB7AF3DA6CD95B4FA486D25895B71374EBD62DDB679F7D3A260FAA0D7686D8A020D6ECC434B6C6929D79537E99AD5F3E33ABD9BA25ABADA9CE36AE7C2B9BFBE29D59E5DA052A7027C5F5BEFBEE5BD3A143879FAB0D90F000AD68E2C4890353E3E86331B7BF2191E4AC5938A5C1C7D62C7A29AB5CB74825EE0451FFA5A5A51F7DFCF1C78F521B3455ECC6161B143416D731625BBD65C33BEE8FE467F9EC492A7027E9DFBF7FAFB2B2B203C53548788056D4B973E7AFEEB9E79E9D1A9BDBBF69CDFCDC94B6C6444F313B47BF7EFD3AA5CFE33C354153C5D6D3B11B5BA371FD2EA338627AE7EADBB7EFE27471869A00090FD04A5283E8E4D8A2B63131D5E55DD53A8FC7CE12538F6A6B6B4F521334559C67E75DE37A6B95986E21BD7BF7FE48BA18A426A03895A90268FBB66CD9F2D1D85588D6B7CB2EBBC4E731404DD05471525171DD36A4CF61CF74D1474D407132C203ED406D6D6D99930FB69183E6B6CFC1874193C5C930C5759B8A6B9DC020E101DAAA8E5D767BD7C7CB3AEB4586628A6B310D20E1810F952E3DF7C976E9FDF1061FEBDA6BFFDCE340FBD26BC0315959A76EEFB8BF43C72E59AF7D8E554100121EF8F088138BEE71D0171B7C6CCF43BE9C9576E8A492A09DD9A5CFC159B7063A32E2FE5DFB7E4205014878E0C3656B03E7EB08D59BD7A91C68AF715DB5494C0348788095739EC9E64DBDABC1C7E64DF955B6A2E2699504EDC8960DCBB2B92FDE99AD5FF6FA3B1EDBB0E2EFD9DC17EEC83D0780F766471268C7AA2A57674B663C92AD5F3EB3D1E7C459D997BD3931D748EA77D06959A76E765E85B66CCDC22929662764D58D8CDA868DABE76415CFDF92F5D9FFC4ACE7DE47E5A6B50220E181A2B26AFEF3D9F2B71E6F70CA4B830DA455B3730DA4DEFB9D90ED36E0180D24686362C466C91B8FE63A2776447466C4F3D72D7B3DEBFBB153B2F2DCA96400A84F8B07DAA198C2B664C6B81D4E760A1B484BFFFE58EEF540DB121D123B9AEC148ACE8C39936F538100121E281E91B834456D4DB54A84228A6B310DD03853DAA01D8A69695180E271D0893F500900CDC0080F000020E101000090F000000048780000009A57516F5A3071E2C47F9B356BD637972D5B76D4D2A54B775FBB766DD9E6CD9B4B3A76EC9875EFDEBD7A8F3DF658D5AB57AFC9871C72C8CF4F38E18409BE0E0000B467C3870FEF5F5D5D7D7A4949C9F1E9E6C054FAA5B24B2A95A92CAEADAD7D293DF6970E1D3A8CBEFFFEFBE74B78DAA951A3465DB67AF5EAAB1E7DF4D19E071F7C7076D24927657BEFBD7796929BACBCBC3CABACACCCD6AD5B57366FDEBC3ED3A74F3F65DCB871A75C75D555EB5212F4B3CB2FBFFC1AA10200407B326CD8B0D3D3C5376A6A6A8E4B094DA7069E529ECABEE9B17DD3E5E95BB76EFDC9D0A14327A5DB773EF0C003F74978DA899FFCE4279F5CB972E51F172D5AB467FAD04B0E3BECB02C65AFEFFCB453D213A54F9F3ED9E1871F9E8D1C39327BF9E59777FDCD6F7E73F565975D7661BF7EFD4E499793850E00006D594A5A2289B9B5B6B6F6E40FF0F241E97583D27B5C9012A0AF8C1933E64D094FDB4E76AE7DF3CD37AF39F5D4534B3FFFF9CF3798E8BC9B488EA24C9830A1F7C30F3FFCDC0D37DCF03F29E9B94A180100D0160D193264686969E9CD353535BBE5EF8B36F03FFDD33F659FFEF4A7B3030E3820EBD9B367B6EBAEBB661B376ECC56AF5E9D55545464CF3FFF7C3665CA94ACAAAA2AFFB263D3EBA60E1B36ECC2621CED298A84E7D65B6FFDEEF4E9D3AFBDF4D24B4B0E3CF0C026BDD7C9279F9C1D74D041A529E1B972D4A851BBA6F7BC58380100D0C6929D5353B2735F4A763AE4139DE8F41F3C78706E16537D5DBB76CD95BDF6DA2B3BE6986372C9CF1FFEF087EC8F7FFC63B675EBD678CA2EB5B5B5F7A6A4A73C253DBF28A6BA6AF7BBB45D7DF5D597A464E77BD75C734D93939DBC7DF6D9278BF79B3D7BF637AEBBEEBA2B841400006D28D989919DB12941C9253B91C4FCF0873F8C0D0B1A4C761A12233FF1FC785DAC75CF4BEF79474A7A464878DA88F3CF3F7FFFC58B17FFCFC5175F5CBAA31FEE8E8AF7BBECB2CB4A172C5870FD25975C7298D00200A0B5C59A9D0E1D3ADC9C4F763EFEF18F67D75D77DDDB9296F7235E17AF3FF4D0430B939E5B52D2739084A70DE8DAB5EB1F4F3BEDB48E3B6B64A7BE18E939E38C333A565555FD5E780100D0EA8DF7D2D25FE4D7ECC4C8CEA5975E9A5BA3D3C43675F6AD6F7DAB30698AE96D7748785AD945175D343C65B7FBC59A9BE614EF5F5E5EDE3FFDBC0B85180000AD25B69E4EC9CEBFC5F558B313494A53939DC2A427B5770B37FE3AB658A6B6B5DB84A763C78EDF3BFBECB33BC449449BDB39E79CD32165D3570A339A62E8D0A1DF8D03D5A04183CAD4068869C071E303F846FE4A6C50F041A7B13526DEEFD4534FDD7EBBB6B6F68262A8F77679908E33C86EDAB469EFD846BA25C49CC6944DF78B3993A3478FAE10AE7C40DF4F078E6C8F3DF6D83864C890712989BEBBBABAFA993163C6AC2F963F30FD3D5959D9FB3FACA4F88A21FA167B1DECE4985E9FFE3F8C2D2929B9BFD8621A689EE346BF7EFD36A4B6C0D8D8656D478F1BD1FE4DFFF7FE35AEE777646B0E9FFBDCE7B2471F7D34BF65F5B1C5D0FE6D97094FCF9E3D470E1C38B0ECFD9E6BA7293EFDE94F77FCCB5FFEF29574F55AB14A53A44651D77431341DF086A6EFF0DA7420199FEEBBB773E7CE93EEBAEBAECAB6F27BE69389279F7C32B76DE5A851A3B2D75F7F3DDB7FFFFDB34E9DDE7902E7CACACAECDC73CFCDD24131773BF6F78FF30084356BD6C4C97DB3134F3CB1C19F356EDCB86CF2E4C9D97FFFF77F37F878BCF7238F3C929D75D6596FBBFFC20B2FCCCE3EFBECECF8E38FCFE6CE9D9B0D1830C0178CD688E95DD2C58814D32352CCAC1E366CD8B874FB81B616D34F3CF144F6E69B6F665FFFFAD7733197B76EDDBADC9498783CCEDB11BB3645DC3FFEF8E3598F1E3D1A7CAF389FC7F5D75FDFE8CFBAFDF6DBB3D34F3F3DEBDBB76FA3CFF9EA57BF9A5D70C105D9273FF9C9EC6B5FFB5AF6AB5FFD2AD76172E69967E68E231FA4F304DA916EE9D8313C1D376289C69AD41618976EFFFADD8E1B29313A3D3D27D7F88D4EFF5EBD7A35573B3B3BFCF0C3B3BFFDED6FF9BBCE4CE506094F4BFFD265655F3CF4D0435BB45BF7E0830F8E0FFE0B121E76B2EEA99C9D0E7867A7467D653AE08D4907B3DF2D5AB468FCA44993AA5BEB97CA37762201896423BF56EEA31FFD68F69FFFF99FD92DB7DC527800CEE6CD9B9775EFDE3D97788C1D3B36FBC4273E917BCE19679CB1BD413567CE9CED09CFB469D3B2254B966C1F9D993E7D7AB6DB6EBBE57E6E58B56A55EE32FFFAF2F2F2383F563666CC98EC631FFB58367BF6ECDC6B23C98964EAEEBBEFCE5E7BEDB5EC473FFA916F14AD9DFCF44CF13C325D1D996267538AE907D37DBF6FED980E2FBDF4522E96A3E7F6B4D34ECB756A44E272C71D77E4929C98C6928FC92D5BB6E4E2397A7A1B12C7814211D31197851D2637DF7C73AED194F7CA2BAFE4623AFE9F86E838F9977FF997DCCF3AE18413B62738B14BAA64870F99E85938271D3BCE79B7E346BAEFF8FCF5889DE614EF5F90F01C2FE16905A9F1B45FECA0D692624EE3DAB56BF7139334A3F2FC016F8F3DF658970E788FA783DB1DD1DBD3D2BF48242D3FFFF9CF73D723A9183162C4F6C4E3924B2EC935666EBBEDB6EC2B5FF94AEEBE68E844E213676F8EED31E3F168B0E41B4B2B56ACD89ECC84193366E41A38F9859691E0C4F5638F3D36777BE2C489DB939EBC985A1A895434C8E2F55DBA74D9FED833CF3CF38ED11F6803E24B7A6E8AE973FBF5EB173DB88FA598BEAB35467EE6CF9F9FFB3F1671F4ECB3CF664F3DF5542EF1D977DF7D731D1931E2F38B5FFC2237CAB2FBEEBBE75EF3C20B2FECF0FBC7E8D0B7BFFDEDEDB7E32CEEE97FE6F64E8EE83859BA74692ED989D1DF38AEC4F122B6C28D6306F0DEC78D144703F34FDA6FBFE66D92C6B1A1C0C0F65EA9ED32E1D9B2654BCF186E6B499B376F8E9FDB237DF1AE138B34B774708B4CE0DFD301EFDFA3A1F09BDFFC26FBC8473E929B4ED6DC22398964243FE5E5E9A79FCE6D7B5928A6B6C5EFB37CF9F2AC7FFFFEB9E7472FED82050B72D7E33DDE4B3A786F9F1A179B8F448294BF1DD7F35369162E5C986B3CFDF9CF7FCE468E1C996B300D193224F7589C1D3A7AAAA38C1F3F3E5BBF7E7DB6CB2EBB347B1DC5CF712CE07D8A2FF49014D34322A6D377F8AD65CB96B5C80F8E0E88888FE814F8C10F7E907DF7BBDFCD5E7DF5D55CA2939FDE76CA29A7E44661F3C94E38E288231A1DE1898E87485C6204279297787D5CA6065AEEF1B7DE7A2BD636E58E0BF94E8C2F7DE94BB9EBF19A2813264CC8253CF19CE84089E7C4EF1AB723EE635ADC15575C91EB54696E712C8BBF475CD3968F1B11CEF9079ABB1D5CEFFD7B4B785A41757575A7963800167AEEB9E762A78A18EB37A58D161753C222E9B9F2CAE6DF2C301A3C31F7BEAE732137DD2C128AC2C67EC82716D1488903712C6E8C2933D148D9B061436EC4A7709D40347E0AC5BAA0FC284D0C9BC7F5FC7BE71B522192ADF87DFEF4A73FE5E62CE77B87A3C1150B36E367448744244D2B57AE6C9184E78D37DEC81C0B6862A7C6FE91C8E7A76D36A718DD39FFFCF37331336CD8B0DC7D315A1A9D08E1D7BFFEF5DB623CDFE910D3451B3378F0E0ECF2CB2FCFC569AC9D8B63C5D5575F9DFDEBBFE6D653E78E1BD101924F787EF9CB5FBE6D7A5BFD846CF1E2C5D9A73EF5A9DC74B638DECD9A352B373A148FB584A88BA953A78A6BDABAEDCB3976D656D48D892DAA0B94B7F78A6BAF6B7836A70656E7964C7A8E3AEAA8EC77BFFB5D4D4A7ABE2FDEF88076E41F697CC76A5263E86DB119EB635AA26154DF5D77DD956B7014262E0F3FFC7076DC71C7E5A6B3E51B3E91E4444F704C61C9DF1F1B0AD46F4415FAC217BEF0B6E424AEC7E85088919E7C43A9BE68343DF0C003D9673FFBD9EDF7C5D49B430E39A4C5362D887544A971F43D5F6931BD03CFC97F913BD54B78661D71C4112D324D3A465D1E7AE8A1DCA86A88CD060AD7E0C4FAB9FA22D978F0C107B3ABAEBA2AEBD6AD5BB6E79E7BE6EE8F51A9E87488188811A0C29D12E324E0F969A9F1BC784DFCEF0CB1E9488C066FAF9414DF91D4C4CF8824E980030ED8FEDAE874C95F6F29713C89112E714D1B396E54D55D76AC77DCA8A9EB7CDFBED9487389F57D052ADB7BA5B7CB84A763C78EAB56AF5EDD2F3F74DE12E21F45FCDC7BEEB9E73AB1CA073174E8D0C60E72D185B9B5EEC0569A0E68A5E980B63A5D3E11DBDCA6EFDE63679D75D6A66860B4A4186D89519BD8692DBF9839EE8BC64E3EA92988C95CA32A467862E7A5987A565F8C02C57B4432138DA4FC684ED8B46953AE47397F5FFEB9EFF6BB15EE1417AF2D3C6F40738BE46CF4E8D18E0562BAB198DE148D9214BF9DF3894EFD988E353CE79D775E6D4BFC9E112B856BDC6284323A0E6284A9507E2A6AACB589DEDDE894885228663BC488D177BEF39DECC73FFE71AE93223F0D2EEE8F634088E4213A40F21D93B149495E6C6812A3B431AA1BD3531BEBDC6849BD7BF7CED5C9E5975F2EAE69ADE346555D8767E77CA253FFB891FE374E4B771F108FA57670B3263CF1FE05964B785A416A2CBD505151F1F9D4C06AB17DA96317AAF4859B2254D949B6D6F5E0446BA0B4AE446BFFB1541E4C0D8127528368FBD12676506A6937DD7453EE0CCE9178C4084ECCF58F8D0CA2A1535F6C1A10D3CB060E1CB83D19CA6F4F9D3773E6CC5CC3287A79A34739766CCAEFC4F4F7BFFF3DD730CA378EA2C1155BD5D6975FF3100DB8C2B505D1D305AD2CE2B724956EA97449FF2FB2778BE9961653C6A253223617C8C7686C151F4949ACC72B4C4AE2778FC42612A0484A0A476263ED4F6C851BC9D2A04183B2AD5BB7E6FF2FE73A48F2C94B4C698D92BF1D8FE74783A2532462384681DF4BFC0E85EB8AA0C86CCAB6757AC671A3E37B1D3752B2F4523EE18911D29D7DD2D142B1A9488197243CAD2065B8135E7CF1C5638E3AEAA85E2DF533D33F86D59B376F9E2836D9493AD49538B0FD36953FA4C6FEF8B672CE8E1B6FBC313BEFBCF3B6272031E524A698DC70C30DF5E7F5E6C4D496D840A0D031C71C935B209D5F07100D9F98DE126B08621ADCDB5A8A759B0DE4A7B4E52F0BC589DA6207A948B8E2BD0AA7D9C594B6865E032D689782C4A7CDC574241FD171113BA2E51388483CE2BE88C9E8B4880E8E10EB68F2BBABC5684CC47EECEE96EF6C58B468D13BE22D4669631BEBFC54B4489E62FDDDD1471F9DBB1D233E790D9DC7AB30312B94FED7BFE3780145A4CBFB396EA4FF834FA5A428CE8993EB7488986B2EF546809F92F0B4C62F5D563676EAD4A9DF8F9EA5963AF9E8B3CF3E5B53F76584268921EA7431A9B4B4F4EEBAED6957B7A5DF2F4662A2211409488CA8E4F7E18F0651348E622DC0673EF3995C83289E133DC131DA12BDC4713E8F784E8CCEC4149A68D8448F6E2428316AD3D8EE6D7567737E5731747FF1C517E7AEC714BA581F148DB8D85DE9DD1657C3873DA6438CACC6E61FB1D140BE911423AB312A1BBB3FC68E4CD1A111DBCE47C2931727068D988FE425764E6C6CFA598CDA16262611F7F1FF399FDC144E838DB88DD1DDFC860411C371DEAFD8E4203657889F918FEDE8C506C78D7FB47F53DBF7A77135466863A39EE638F9684C677BF1C51763CA6D49DD5DEDBEFDDB2E139EFBEFBF7FFE8811235E9A3265CAE1471E7964F7E6FE79E94BB57ED3A64D7F1F3D7A748510A509AE2E2929A9282F2FFF6D5B3AFB7A7DD1031C27118C6427129AC2B531D11809710E8F6BAFBD36370A14627BDBF08D6F7C2377FE9C489262738368B8E41B35D1006A6C9D4DAC917BAFDDD5E224A879F9037C349AE267FCF5AF7FDDBEFB1488E986F5EDDB37FBFEF7BF9F9BCA16232EB13E2736440931EA73D14517E562B7304E236EA3F322E22CB6A88F93FB46C7C67B89A4A9A1CD10421C13A263241FF3B17EE6CB5FFEF2F675469164DD7BEFBDB9F86ECE1E6C686FC78D68FFA6FF759352B2746274FAC7CC8AE698F2FED8638F45A7433ED979A618DABFEDF654C6E983BEF1CE3BEFBCE5F0C30FEFDEDCA33CE9C0BC26FDBC9BC4284D910E183F682FBF6B7EFA4A63A211D25843241A398D9DBBA331EF77C3813877475EECCC16D36E404CBFB718E989125BBCD717A338F5CFB995172335318D6D47A78EBEDBF3E2BDF29D27F9DB859B2AC419DE9BFB2CF2D08E8F1BFF2F95DC9CD3487862D7D49DB99627D6AC3FF2C823DB47775272765B31D47B697BFDC51F78E081B16BD7AE9DF9DBDFFE764E73FE9CB163C7CE5FB56AD59C458B168D16A60000B466FB375D4C8AEB31CAF3B39FFD6CA76DDC135B51DF78E38D5B6B6A6AB68FEE144BFBB7B43DFFF2B5B5B5E7A62CB4DBCC9933D737C7FB5754546C4C0955ACDAFEEAA44993AA85190000AD2C16C5E5B68A5EB87061366AD4A826273D91ECA4E4A976C18205F96953EB4B4A4ABE562CEDDF769DF0C49CC2EAEAEA8B7EF8C31F6E58BA74E9E69DF9DEF17ED75D77DDFA94E57E3B65D333C41600006DA1FD5B5B5B7B51BA9A4B4662B3A198EA1DD3D13E8878DD35D75CB375DAB469F9919D98CA766131B57F4BDBFB1FF0E0830F8EDEBC79F315FFF55FFFB56AC68C192B76C67BCE9E3D7B45BC5F6565E54FD3877D9FD00200A02DB57FD3C5D7F2494F8CF45C79E595B1B141FD9386362A9E17E7CCBBE28A2B0A47766206D595C5D6FE2D2B863F227D58770D1932A4F2FAEBAFBFE9739FFBDC4BC3870F1FF8413732485FA057C68D1BD7AFA6A6E6CA74FD2E210500405B6DFFA6ABB7949494F48C353DE3C78FCF6D66101B93C4E61FFBEDB75F6EDBF938B5434C5B8B24274E2A1AE7B84AA566F3E6CD31F8911FD9892522171563FBB7AC58FE90C874870E1DFADC638F3D76C7934F3EF9D605175C5079F4D1477F62475F3F79F2E4376EBBEDB6AA0D1B36AC4D5F9A21E94B641A1B00006DBEFD9BDAAE77C476D5715F243E53A64CC995F75038D3EB9958B353ACCB38CA8AE98FA9DB27FCA4F4C19FF9BFFFFBBF17DC7CF3CDBB1D70C001738E3FFEF8F2030F3CB0EFEEBBEFDEB3BCBCBC5B6565E58694E1AE9A3D7BF6CAA79F7E7AED6BAFBDB6CF962D5B96A6D7DEB978F1E2FB6C500000407B6BFFA6A4E58294F80C7A1F6DFC673E0CEDDFB222FDE0E38CB0BF1D3E7C78FF9933679E3963C68CCFA4DB7106B4FC3CB7FCE5DC549E8AE73AA9280000C5D0FEADA9A93933253ED1FE3D22957EA9C4AEC331FD2D76777BE9C3D6FE2D2BE63F2ECE489B2E7E56570000A0A869FFBE53A92A000000243C0000407B68CF1FB903AF8B296FBB4B788ADFDE0DD4C721E206008076E2CE06EEBB7607DAF927A4B2A6E0F63F176B0515DB1A9EC1D9B68D08F64D6556C1FDFBA5F2B1BAFBC617DCFFDD547E92CA9B0599EE19A95C924A8DF80100A00D3B3A95EB52D92795BD52D9A3EEFE48764E4B65502A3F4F65612AA7D46BDFF64FE5D482DBBBA612EB7F96145B2515DB08CFC45466D47D786F149453EB3EECF1F59E1F1FEA8A543E52777B582ADF29F8B20000405B15BBAFCD49E5A26C5BA7FFD8BA32ABEEF25B75D76387B6DFD5B5FDB7D495AA82EB07D7B59397146325957D48BF1CF177774A25F61B3F2BDB36CFF1F7D9B621C1F8D017A5F2F5546E15470000B44131BA73762AC7A6727B2ACB52393EDB368A13A3379FCDB64D5BFB515DC21376CBFE31056EDF541EADBB1E33A1561573C3FFC324467216A4F27F52392C95C9A9744BE5C954BE9CCABA6CDBFCC5F8C037D465C5B6F40300A0AD79369597533934DB36A3294CAD4B784614DC2E3CA1688F46DE6B6331575431253C7B67FF586C156B764E2F782C7F7B502A0FD565B65F49E5DE54AE4CE517A9BC9ACA2BF5DEF39FC51200006D50695D3BF6B56CDBD4B63899E8F975B70BDBC03715DCEE9B6D5BCB13339CFAD72543B1C463795D5E502DE169DBE6D595ACEE031C5BF0D889D93FE634E6AD28B81E1FEE97EBBE1479E7A67281580200A00D8A919CE8BC8FD19D58AAD13DDB364DED8682E7DC54EF355764DBA6C2FD2DDB36D36966B66DF3AE05C59E1916A33D77E039317DEDB2549EABBB3DBF20291A9B15E92E150000148D18BC88519D58ABB376079E1FA33B3130905FA71EA342B196FD74094FFB12A3396376E0797F4AA573B66DB15727F10200403B121B0D7C3195BB5279ACEEBEFE75C9CBE9F59298D881F8DFB36DA33963EAE501D1D11FEBD71F48E593C59A1516933ED9B67DC89FD881E7FE47B66D478BD873FCB0BA52F8C51850F77ECBC41300006D4C4C65FB51BDFBEEC9DEBE84A3A6E0F277F59E5B5170FDA9BA52948A29E1F9485D56DBD0D96627D7BB1DD9EB83D9B6753C91D0C4FEE4FBD5FB828C15470000B423F5939A7175970D75E08FFFB0544A31253C0BB2C6175CDD5DEFF62B0D3CE74131020000C5A5541540DB57525252555353A322DA80BACFC18741D3FF019796D68AEB3613D771A6FA6A3501121EA0F51A462FAF5BB74E45B401EBD7AF8FCFE3553541539597972F15D76DC3AA55ABA6A78B97D40448788056B275EBD6C756AC58619BF4B6D1305A5E535333414DD0541D3B767C66CD9A352AA20D58BC78716CE73B494D8084076825B5B5B50FA57FC865E95265B4B2850B1756A58B87D4044D555959F9E3458B165589EB5657B172E5CAC3C435487880563478F0E097AAABAB27CF9D3B779EDA683DA9FEE7565555BD76D249273DA73668AAE38E3BEEF994ECBC92926895D18AA64F9FFE78FA1C168A6B90F000ADACA6A6E6DBA9BDDD65CD9A35ABD546CB5BBF7EFDC63973E6744D9FC3B7D25340A20000020949444154D4063B4B6565E5888A8A8A8D6BD7AE5519AD60F5EAD5BF5FB972E517E3F8AA36A078755005D03EDC77DF7DCB478E1C3975D9B2659FEFD1A3477579797957B5D262C9CEAA975F7E796D6D6DEDD7060F1EFC8C1A6167C6F539E79CF3FC8A152BBE94E2BABC73E7CE2AA505939D69D3A61D5A5252F21FE21A243C401B71CF3DF7CC4A8DA3698B172F3EABAAAAEA85DD76DB6D9FF4CF5AC534A359B366FD75E6CC993DD3D5F34F3CF1C4F16A84E688EB112346BCB064C992D3533C6FE8DEBD7B1771DDAC2AA64F9F3EA6A2A2E2844876C435143F47546887264C9870506969E94F53F9E4EEBBEFFE6ADFBE7DFBA4E427EE2B573B4D53535353B976EDDAD752E373C5F2E5CB3FBA75EBD68A98EE72F2C9274F573BB4405CDF585656F6A93E7DFACCEFDDBBF79E3D7AF4E897EE53394D8FEB39B1F574ECC6161B14C49A1D710D121EA01D983871E2C092929233D2D541A91C918A84A7E9E2E483713E8E49A93C642133E25A5C03000000000000000000000000000000000000000000000000000000000000000000000000000000000000000000000000000000000000000000000000000000000000000000000000000000000000000000000000000000000000000000000000000000000000000000000000000000000000000000000000000000000000000000000000000000000000000000000000000000000000000000000000007C28FD7FCD05D5C35EB89C8D0000000049454E44AE426082, null);
INSERT INTO `act_ge_bytearray` VALUES ('5005', '1', 'leave.bpmn20.xml', '5004', 0x3C3F786D6C2076657273696F6E3D22312E302220656E636F64696E673D225554462D38223F3E0A3C646566696E6974696F6E7320786D6C6E733D22687474703A2F2F7777772E6F6D672E6F72672F737065632F42504D4E2F32303130303532342F4D4F44454C2220786D6C6E733A7873693D22687474703A2F2F7777772E77332E6F72672F323030312F584D4C536368656D612D696E7374616E63652220786D6C6E733A7873643D22687474703A2F2F7777772E77332E6F72672F323030312F584D4C536368656D612220786D6C6E733A61637469766974693D22687474703A2F2F61637469766974692E6F72672F62706D6E2220786D6C6E733A62706D6E64693D22687474703A2F2F7777772E6F6D672E6F72672F737065632F42504D4E2F32303130303532342F44492220786D6C6E733A6F6D6764633D22687474703A2F2F7777772E6F6D672E6F72672F737065632F44442F32303130303532342F44432220786D6C6E733A6F6D6764693D22687474703A2F2F7777772E6F6D672E6F72672F737065632F44442F32303130303532342F44492220747970654C616E67756167653D22687474703A2F2F7777772E77332E6F72672F323030312F584D4C536368656D61222065787072657373696F6E4C616E67756167653D22687474703A2F2F7777772E77332E6F72672F313939392F585061746822207461726765744E616D6573706163653D22687474703A2F2F7777772E61637469766974692E6F72672F70726F63657373646566223E0A20203C70726F636573732069643D226C6561766522206E616D653D22E8AFB7E58187E6B581E7A88B2220697345786563757461626C653D2274727565223E0A202020203C73746172744576656E742069643D227369642D41334437343742342D464342322D343234332D394632342D35333942344537333038323222206E616D653D22E5BC80E5A78B222061637469766974693A696E69746961746F723D2231223E3C2F73746172744576656E743E0A202020203C757365725461736B2069643D227369642D43384143464643342D464533412D344632352D423134372D30363843304241433146424322206E616D653D22E58F91E8B5B7E794B3E8AFB7222061637469766974693A61737369676E65653D2231223E0A2020202020203C657874656E73696F6E456C656D656E74733E0A20202020202020203C6D6F64656C65723A696E69746961746F722D63616E2D636F6D706C65746520786D6C6E733A6D6F64656C65723D22687474703A2F2F61637469766974692E636F6D2F6D6F64656C6572223E3C215B43444154415B66616C73655D5D3E3C2F6D6F64656C65723A696E69746961746F722D63616E2D636F6D706C6574653E0A2020202020203C2F657874656E73696F6E456C656D656E74733E0A202020203C2F757365725461736B3E0A202020203C757365725461736B2069643D227369642D31464135374645322D413434312D343143362D413946302D35464139304642373446414222206E616D653D22E9A286E5AFBCE5AEA1E689B9222061637469766974693A61737369676E65653D2232223E0A2020202020203C657874656E73696F6E456C656D656E74733E0A20202020202020203C6D6F64656C65723A696E69746961746F722D63616E2D636F6D706C65746520786D6C6E733A6D6F64656C65723D22687474703A2F2F61637469766974692E636F6D2F6D6F64656C6572223E3C215B43444154415B66616C73655D5D3E3C2F6D6F64656C65723A696E69746961746F722D63616E2D636F6D706C6574653E0A2020202020203C2F657874656E73696F6E456C656D656E74733E0A202020203C2F757365725461736B3E0A202020203C656E644576656E742069643D227369642D32414438424639382D324234312D343033442D424534382D32433337323244323935354222206E616D653D22E7BB93E69D9F223E3C2F656E644576656E743E0A202020203C73657175656E6365466C6F772069643D227369642D38414245433142362D304644362D343235352D424435342D3736363134393638363132432220736F757263655265663D227369642D41334437343742342D464342322D343234332D394632342D35333942344537333038323222207461726765745265663D227369642D43384143464643342D464533412D344632352D423134372D303638433042414331464243223E3C2F73657175656E6365466C6F773E0A202020203C73657175656E6365466C6F772069643D227369642D43424137363044362D343344302D343741422D393538462D3832454330443541443733412220736F757263655265663D227369642D43384143464643342D464533412D344632352D423134372D30363843304241433146424322207461726765745265663D227369642D31464135374645322D413434312D343143362D413946302D354641393046423734464142223E3C2F73657175656E6365466C6F773E0A202020203C73657175656E6365466C6F772069643D227369642D32343039354539302D394636312D344135352D423942312D3538303439463035464543342220736F757263655265663D227369642D31464135374645322D413434312D343143362D413946302D35464139304642373446414222207461726765745265663D227369642D32414438424639382D324234312D343033442D424534382D324333373232443239353542223E3C2F73657175656E6365466C6F773E0A20203C2F70726F636573733E0A20203C62706D6E64693A42504D4E4469616772616D2069643D2242504D4E4469616772616D5F6C65617665223E0A202020203C62706D6E64693A42504D4E506C616E652062706D6E456C656D656E743D226C65617665222069643D2242504D4E506C616E655F6C65617665223E0A2020202020203C62706D6E64693A42504D4E53686170652062706D6E456C656D656E743D227369642D41334437343742342D464342322D343234332D394632342D353339423445373330383232222069643D2242504D4E53686170655F7369642D41334437343742342D464342322D343234332D394632342D353339423445373330383232223E0A20202020202020203C6F6D6764633A426F756E6473206865696768743D2233302E30222077696474683D2233302E302220783D2234352E352220793D223138382E30223E3C2F6F6D6764633A426F756E64733E0A2020202020203C2F62706D6E64693A42504D4E53686170653E0A2020202020203C62706D6E64693A42504D4E53686170652062706D6E456C656D656E743D227369642D43384143464643342D464533412D344632352D423134372D303638433042414331464243222069643D2242504D4E53686170655F7369642D43384143464643342D464533412D344632352D423134372D303638433042414331464243223E0A20202020202020203C6F6D6764633A426F756E6473206865696768743D2238302E30222077696474683D223130302E302220783D223233342E352220793D223136332E30223E3C2F6F6D6764633A426F756E64733E0A2020202020203C2F62706D6E64693A42504D4E53686170653E0A2020202020203C62706D6E64693A42504D4E53686170652062706D6E456C656D656E743D227369642D31464135374645322D413434312D343143362D413946302D354641393046423734464142222069643D2242504D4E53686170655F7369642D31464135374645322D413434312D343143362D413946302D354641393046423734464142223E0A20202020202020203C6F6D6764633A426F756E6473206865696768743D2238302E30222077696474683D223130302E302220783D223438302E302220793D223136332E30223E3C2F6F6D6764633A426F756E64733E0A2020202020203C2F62706D6E64693A42504D4E53686170653E0A2020202020203C62706D6E64693A42504D4E53686170652062706D6E456C656D656E743D227369642D32414438424639382D324234312D343033442D424534382D324333373232443239353542222069643D2242504D4E53686170655F7369642D32414438424639382D324234312D343033442D424534382D324333373232443239353542223E0A20202020202020203C6F6D6764633A426F756E6473206865696768743D2232382E30222077696474683D2232382E302220783D223735302E302220793D223138392E30223E3C2F6F6D6764633A426F756E64733E0A2020202020203C2F62706D6E64693A42504D4E53686170653E0A2020202020203C62706D6E64693A42504D4E456467652062706D6E456C656D656E743D227369642D43424137363044362D343344302D343741422D393538462D383245433044354144373341222069643D2242504D4E456467655F7369642D43424137363044362D343344302D343741422D393538462D383245433044354144373341223E0A20202020202020203C6F6D6764693A776179706F696E7420783D223333342E352220793D223230332E30223E3C2F6F6D6764693A776179706F696E743E0A20202020202020203C6F6D6764693A776179706F696E7420783D223438302E302220793D223230332E30223E3C2F6F6D6764693A776179706F696E743E0A2020202020203C2F62706D6E64693A42504D4E456467653E0A2020202020203C62706D6E64693A42504D4E456467652062706D6E456C656D656E743D227369642D38414245433142362D304644362D343235352D424435342D373636313439363836313243222069643D2242504D4E456467655F7369642D38414245433142362D304644362D343235352D424435342D373636313439363836313243223E0A20202020202020203C6F6D6764693A776179706F696E7420783D2237352E352220793D223230332E30223E3C2F6F6D6764693A776179706F696E743E0A20202020202020203C6F6D6764693A776179706F696E7420783D223233342E352220793D223230332E30223E3C2F6F6D6764693A776179706F696E743E0A2020202020203C2F62706D6E64693A42504D4E456467653E0A2020202020203C62706D6E64693A42504D4E456467652062706D6E456C656D656E743D227369642D32343039354539302D394636312D344135352D423942312D353830343946303546454334222069643D2242504D4E456467655F7369642D32343039354539302D394636312D344135352D423942312D353830343946303546454334223E0A20202020202020203C6F6D6764693A776179706F696E7420783D223538302E302220793D223230332E30223E3C2F6F6D6764693A776179706F696E743E0A20202020202020203C6F6D6764693A776179706F696E7420783D223735302E302220793D223230332E30223E3C2F6F6D6764693A776179706F696E743E0A2020202020203C2F62706D6E64693A42504D4E456467653E0A202020203C2F62706D6E64693A42504D4E506C616E653E0A20203C2F62706D6E64693A42504D4E4469616772616D3E0A3C2F646566696E6974696F6E733E, '0');
INSERT INTO `act_ge_bytearray` VALUES ('5006', '1', 'leave.leave.png', '5004', 0x89504E470D0A1A0A0000000D4948445200000314000000FD08060000002520314600000CB04944415478DAEDDDDD6F54751A07702FFD87F66E2FDCEC9DD764470BA5982EC114505ECA852829A26E83424C5808100D1B0849D59B75B7D92C6BCBD885F01259932EAB598249D79562A5D87441B1B474E6EC791A878C03533B30EFF3F9244FEA764ACB1ECE77FAFDCD3967CE134F00000000000000000000000000000000000000000000000000000000000000000000000000000000000000000000000000000000000000000000000000000000000000000000000000000000000000000000000000000000000000000000000000000000000000000000000000000000000000000000000000000000000000000000000000000000000000000000000000000000000000000000000000000000000000000000000000000000000000000000000000000000000000000000000000000000000000000000000000000000000000000000000000000000000000000000000000000000000000000000000000000000000000000000000000000000000000000000000000000000000000000000000000000000000000000000000000000000000000000000000000000000000000000000000000000000000000000000000000000000000000000000000000000000000000000000000000000000000000000000000000000000000000000000000000000000000000000000000000000000000000000000000000000000000000000000000000000000000000000000000000000000000000000000000000000000000000000000000000000000000000000000000000000000000000000000000000000000000000000000000000000000000000000000000000000000000000AD20499227272626AE5DB87021397DFA7432323262EA3CA3A3A3C9993367F2E91CB64722D7720D002D254AC7D9B36793E9E9E9647E7EDE34686EDEBC998C8D8DE5D312B2CF5E895CCB3500B48C780553E9689EF2313232326FAF44AEE51A005A469C0EE1977EF34C9C2A61AF44AEE51A005A46FCA2F30B5FF140AE8D5C03404D8BC7F7FF9B4A262EFD21F97C74CFD2C47FC7E79405C503B936720D80E2B1EC7C377B3DF9EC6FBB927FFE65C74F263E178F290C8A07726DE41A00C5A3EC5CFBFCCF0F948EC24C7E3EAC30281EC8B5916B00148FF2F3EF8FF7962D1EF198C2A07820D746AE01503CCACE6723BBCB168F784C61503C906B23D700281E8A87E2815CCBB55C0340F58B47BCFB4BB9E2118F290C8A07726DE41A00C5A3EC7C71EE60D9E2118F290C8A07726DE41A00C5A3ECCC5CBF9C7CF6D1C083A745A49F8BC71406C503B936720D80E2B1ECFCE71F271E281EF1396541F140AE8D5C03A0782C3F77EF265F9C3FFCE06911E9E7E2318541F140AE8D5C03A07894BD9BEED573BF2F7BAE753CE6AEBA8A07726DE41A00C5E381572FA7BEC826FF3AB5B36CE9284C7C4D7CAD5735150FE4DAC835008AC7CFBE7AE9554DC503B936720D00658BC74A5EBD5CEE554D0542F140AE8D5C03D0C1C5E3514B47611408C503B936720D4007170FA37820D746AE0140F1503C906B23D700A078281E20D7720D008A87513C906BB906287AB2EE3F72E4C8D7AFBDF65A6EF3E6CDC9BA75EB92679E7926E9EEEE4E366EDC98ECD9B32777F0E0C1E96C36BBD3D642F1308A07722DD7D0EA56AF5EFD8B4C26F341DA79AF3DFBECB30BE9C77CF4DF1FE75E3A5FA7331C5F676B2D63FFFEFDC3AFBCF24A7ECB962DC9D1A347938B172F26D7AF5F4FE6E6E692101FA7A7A7934F3FFD34397EFC78125FF7F2CB2FE7F7EEDD7BC6D643F1308A07722DD7D06AD2C5C360BA5098493F26450B886527FDDAD9AEAEAEC3B65E917441B0EAA5975E5ADCB163C7D2626171713159A9F1F1F164E7CE9D497F7F7F6EDFBE7D3DB6268A87513C906BB986165848FC329D9B2B5D4494995BAB56ADFA75C76FCCB7DE7AEBE30D1B3624C3C3C3152D244A9D3A752A89EF932E2ACED945513C8CE2815CCB3534AB4C2673A0ABABABF894A664F5EAD5C9E0E06092CD6693AFBEFA2AB97DFBF652C7BD73E7CED2193BE7CE9D4BDE7EFBEDA54B004A1615F98E3E5A71E4C891D14D9B362557AF5E4DAAE1CB2FBF4CE2FBEDDFBF7FDCAE8AE261140FE45AAEA1091713AF169FDE140B8993274F2E9DD6BF12B3B3B34B5F1F7FAEE434A8E31DB73177EDDAF5A728FF2BDD782B15DF2FBEEFEEDDBBFF6A9745F1308A07722DD7D0448B8903C58B896DDBB62D1D8D7814F1E7E27281E24545471DA9E8EBEBFBD5FAF5EBAB7664E261472AE2FBF7F7F7FFC6AE8BE261140FE45AAEA1D1E29A89E2D39C060606EE9FD6F4A8E274A837DE78A3F4F4A7A73B62836ED9B26521AE99A8A5B8A6E285175EB867F745F1308A07722DD7D0040B8A99E223138FBB98285E54941CA9B8D5F61B73D3A64D87B66FDF9E2C2C2C24B5161B37FD79437661140FA37820D7720D0D5C4C0C165F33F1A8A7392D77FA53F135156D7FEAD3D6AD5B17E2AD61EBE1F2E5CB719462D16E8CE261140FE45AAEA151E23E1385B21F1754D7C2D0D050671CA5883BFBF5F5F53DD6DBC3562AEEB41DE7ACD995A9C59343BA6FF5291E8A079D9369B9966BA8F47923FA6FE142EC388A3033335393CE1BEFFE54FC96B26DDB7F376EDCF8D13BEFBC93D453AC029F7FFEF9BFDBE5A9C1934821B433994CE6B78A87E241FB675AAEE51A2A7DDE483FFF41E1EBDE7CF3CD9AF6DEB84F45D1DF69B82D37FA8B2FBE78FBE2C58B755D50C4E9559B376FBE6397A7864F2285B959FA2A85E2A178D05E99966BB9864A9F37D2CF5D2B3C3E363656D3DE1B37BF2BFABB7CD3961BBDB7B73737353555D70545DC97A2A7A7276F97A70E4F22F75FA5283C99281E8A07ED9569B9966BA8F47923FDB850F87CB52FC62E1577D42EFA3BB4E775C46BD6AC49E6E6E6EABAA0889FD7D5D5E5C9867A3E89DC7F9542F1503C68AF4CC7290D722DD750C9F346F1FFAED65BC52EF716B2C53FAF6D377A23ACE01FDB989A8CE2D17CC5C37E69E4BABDC63E695A69EADD7BDB72411157B63B424107BC2AF17D269379F5A9A79E7A52F1F04A26ED95E9F83AB9966BA8E47923EE5EED0845153DF7DC730DB98662EDDAB5AEA1A01E4F223F291DCD583CD2BFD243A75E8F2B1EB47AA6E55AAEA1D2E70DD75054D9BA75EBBEB970E142DDDFE5A9A7A7E75BBB3C357C12F92EEE80595A3A9AB5782CF7B95A3FAE78D0EA99966BB9864A9F37BCCB5395C5FBF01E3A74285FCF05C5B163C7F26DFB3EBC34FA49E4A1AF5E2A1E8A07ED9B69B9966BA8F479C37D28AA2CEE14D8DBDB9BAFE79DB2D7AF5F9F77A76C1A45F1503C906BB9966B3A5BF4DF42C9AFF59DB2E31D55DBFE4ED9A1BBBB7BF6934F3EA9CB518AF1F1F17CFA0FF79D5D19C543F1503C906BB9864689FB52148AFEC993276BD27B8786868A8F4EDC6AEB0D1AE7976DD8B021578FA3147D7D7D8B5D5D5D87EDC6281E8A87E2815CCB3534B2FF161FA5A8F6C5D9F1FDE2FB167E4647F4DF74A3CEBEFFFEFBF76AB998F8F0C30F633171FBE7CE8505C543F100B9966BA847FF2D14FE6DDBB655ED2D64E3AD62B76FDFFE93A3131DD17FE39CAE741595BB72E54A4D4E7D9A989888555A2E5D503C6DF745F1F0F6928A07722DD7D00CFD372DFBB942F11F181878EC45452C265E7FFDF5E2C544BEA3FA6F269339B076EDDADC8D1B37AABA9888EFD7D3D39373AA138A87513C906BB98666EBBFC5F7AD8823158F7AFA53FCB99223134947F6DFF4FFF8BBB1A8B872E54AAE4A472672F1FDD27FAC537659140FA37820D7720DCDD87F8B170171ED435CA81DEFD2B4D277738A0BB08BAF9988E9E8FEFBE34A2D7FE2C4891F1EE742EDF7DE7B6F2E5D95C561A477EDAA281E46F140AEE51A9AB9FFA6932F5D58C47D2AE2E67771F4A1703A549CD61477C08E9BD61D387020CEC429BD3B775EFF7DE2FE396533E9065A387FFEFCDD4A1612972E5D9AEFEDEDBD1B17A0B86602C5C3281EC8B55C432BF5DF92C541A5A3FF3E64B5B62F36EC9A356B160706066E67B3D93B9393938B7373734B176FC7C7A9A9A9C57485F6C3E0E0E0ADEEEEEEC5D890B12AF36E4E281E46F140AEE51A5AB5FF56BA90D07F7F46DC51305DB5FD31DD50D7D2B957B2016311F14DDC4EDC1DB0513C8CE2815CCBB5BD12FD17503C8CE2815C1BB90600C543F140AE8D5C0380E2A178805CCB3500281E46F140AEE51A00140FA37820D746AE01503C8CE2815C1BB90600C543F140AEE549AE0140F1503C40AEE51A00140FA37820D7720D008A87513C906B23D700A078281EC8B5916B00503C140F906BB90600C5C3281EC8B55C0380E261140FE4DAC835008A87513C906B23D700A078281EC8B5916B00503C140F906BB90600C5C3281EC8B55C0380E261140FE4DAC83500281E8A07726DE41A00140FC503E45AAE01A0914E9F3EED17BEE2815C1BB906804773F6ECD9DCF4F4B45FFA4D30939393FF4D8BC7BCBD12B9966B006819D96CF677636363F91B376EF8E5DFE0D2313A3A7A2F9D7DF64AE45AAE01A0A5A4BFEC5E1D1919F93E0ECB9B86CDBCD2815CCB350000000000000000000000000000000000000000000000000000000045FE0F560CFA82CA0115A10000000049454E44AE426082, '1');

-- ----------------------------
-- Table structure for act_ge_property
-- ----------------------------
DROP TABLE IF EXISTS `act_ge_property`;
CREATE TABLE `act_ge_property` (
  `NAME_` varchar(64) COLLATE utf8_bin NOT NULL,
  `VALUE_` varchar(300) COLLATE utf8_bin DEFAULT NULL,
  `REV_` int(11) DEFAULT NULL,
  PRIMARY KEY (`NAME_`)
) ENGINE=InnoDB DEFAULT CHARSET=utf8 COLLATE=utf8_bin;

-- ----------------------------
-- Records of act_ge_property
-- ----------------------------
INSERT INTO `act_ge_property` VALUES ('cfg.execution-related-entities-count', 'false', '1');
INSERT INTO `act_ge_property` VALUES ('next.dbid', '22501', '10');
INSERT INTO `act_ge_property` VALUES ('schema.history', 'create(6.0.0.4)', '1');
INSERT INTO `act_ge_property` VALUES ('schema.version', '6.0.0.4', '1');

-- ----------------------------
-- Table structure for act_hi_actinst
-- ----------------------------
DROP TABLE IF EXISTS `act_hi_actinst`;
CREATE TABLE `act_hi_actinst` (
  `ID_` varchar(64) COLLATE utf8_bin NOT NULL,
  `PROC_DEF_ID_` varchar(64) COLLATE utf8_bin NOT NULL,
  `PROC_INST_ID_` varchar(64) COLLATE utf8_bin NOT NULL,
  `EXECUTION_ID_` varchar(64) COLLATE utf8_bin NOT NULL,
  `ACT_ID_` varchar(255) COLLATE utf8_bin NOT NULL,
  `TASK_ID_` varchar(64) COLLATE utf8_bin DEFAULT NULL,
  `CALL_PROC_INST_ID_` varchar(64) COLLATE utf8_bin DEFAULT NULL,
  `ACT_NAME_` varchar(255) COLLATE utf8_bin DEFAULT NULL,
  `ACT_TYPE_` varchar(255) COLLATE utf8_bin NOT NULL,
  `ASSIGNEE_` varchar(255) COLLATE utf8_bin DEFAULT NULL,
  `START_TIME_` datetime(3) NOT NULL,
  `END_TIME_` datetime(3) DEFAULT NULL,
  `DURATION_` bigint(20) DEFAULT NULL,
  `DELETE_REASON_` varchar(4000) COLLATE utf8_bin DEFAULT NULL,
  `TENANT_ID_` varchar(255) COLLATE utf8_bin DEFAULT '',
  PRIMARY KEY (`ID_`),
  KEY `ACT_IDX_HI_ACT_INST_START` (`START_TIME_`),
  KEY `ACT_IDX_HI_ACT_INST_END` (`END_TIME_`),
  KEY `ACT_IDX_HI_ACT_INST_PROCINST` (`PROC_INST_ID_`,`ACT_ID_`),
  KEY `ACT_IDX_HI_ACT_INST_EXEC` (`EXECUTION_ID_`,`ACT_ID_`)
) ENGINE=InnoDB DEFAULT CHARSET=utf8 COLLATE=utf8_bin;

-- ----------------------------
-- Records of act_hi_actinst
-- ----------------------------
INSERT INTO `act_hi_actinst` VALUES ('10005', 'leave:1:5007', '10001', '10004', 'sid-A3D747B4-FCB2-4243-9F24-539B4E730822', null, null, '开始', 'startEvent', null, '2020-08-21 16:27:17.662', '2020-08-21 16:27:17.665', '3', null, '');
INSERT INTO `act_hi_actinst` VALUES ('10006', 'leave:1:5007', '10001', '10004', 'sid-C8ACFFC4-FE3A-4F25-B147-068C0BAC1FBC', '10007', null, '发起申请', 'userTask', '1', '2020-08-21 16:27:17.669', '2020-08-21 16:27:35.146', '17477', null, '');
INSERT INTO `act_hi_actinst` VALUES ('10021', 'leave:1:5007', '10001', '10004', 'sid-1FA57FE2-A441-41C6-A9F0-5FA90FB74FAB', '10022', null, '领导审批', 'userTask', '2', '2020-08-21 16:27:35.147', null, null, null, '');
INSERT INTO `act_hi_actinst` VALUES ('12505', 'leave:1:5007', '12501', '12504', 'sid-A3D747B4-FCB2-4243-9F24-539B4E730822', null, null, '开始', 'startEvent', null, '2020-08-21 16:28:45.055', '2020-08-21 16:28:45.058', '3', null, '');
INSERT INTO `act_hi_actinst` VALUES ('12506', 'leave:1:5007', '12501', '12504', 'sid-C8ACFFC4-FE3A-4F25-B147-068C0BAC1FBC', '12507', null, '发起申请', 'userTask', '1', '2020-08-21 16:28:45.062', '2020-08-21 16:29:26.884', '41822', null, '');
INSERT INTO `act_hi_actinst` VALUES ('12521', 'leave:1:5007', '12501', '12504', 'sid-1FA57FE2-A441-41C6-A9F0-5FA90FB74FAB', '12522', null, '领导审批', 'userTask', '2', '2020-08-21 16:29:26.885', '2020-08-22 10:12:53.717', '63806832', null, '');
INSERT INTO `act_hi_actinst` VALUES ('15002', 'leave:1:5007', '12501', '12504', 'sid-2AD8BF98-2B41-403D-BE48-2C3722D2955B', null, null, '结束', 'endEvent', null, '2020-08-22 10:12:53.750', '2020-08-22 10:12:53.750', '0', null, '');
INSERT INTO `act_hi_actinst` VALUES ('17505', 'leave:1:5007', '17501', '17504', 'sid-A3D747B4-FCB2-4243-9F24-539B4E730822', null, null, '开始', 'startEvent', null, '2020-08-22 14:29:11.628', '2020-08-22 14:29:11.634', '6', null, '');
INSERT INTO `act_hi_actinst` VALUES ('17506', 'leave:1:5007', '17501', '17504', 'sid-C8ACFFC4-FE3A-4F25-B147-068C0BAC1FBC', '17507', null, '发起申请', 'userTask', '1', '2020-08-22 14:29:11.638', '2020-08-22 14:29:11.938', '300', null, '');
INSERT INTO `act_hi_actinst` VALUES ('17521', 'leave:1:5007', '17501', '17504', 'sid-1FA57FE2-A441-41C6-A9F0-5FA90FB74FAB', '17522', null, '领导审批', 'userTask', '2', '2020-08-22 14:29:11.938', null, null, null, '');
INSERT INTO `act_hi_actinst` VALUES ('17528', 'leave:1:5007', '17524', '17527', 'sid-A3D747B4-FCB2-4243-9F24-539B4E730822', null, null, '开始', 'startEvent', null, '2020-08-22 14:31:33.981', '2020-08-22 14:31:33.981', '0', null, '');
INSERT INTO `act_hi_actinst` VALUES ('17529', 'leave:1:5007', '17524', '17527', 'sid-C8ACFFC4-FE3A-4F25-B147-068C0BAC1FBC', '17530', null, '发起申请', 'userTask', '1', '2020-08-22 14:31:33.981', '2020-08-22 14:31:34.077', '96', null, '');
INSERT INTO `act_hi_actinst` VALUES ('17544', 'leave:1:5007', '17524', '17527', 'sid-1FA57FE2-A441-41C6-A9F0-5FA90FB74FAB', '17545', null, '领导审批', 'userTask', '2', '2020-08-22 14:31:34.077', null, null, null, '');
INSERT INTO `act_hi_actinst` VALUES ('20005', 'leave:1:5007', '20001', '20004', 'sid-A3D747B4-FCB2-4243-9F24-539B4E730822', null, null, '开始', 'startEvent', null, '2020-08-22 14:33:43.777', '2020-08-22 14:33:43.782', '5', null, '');
INSERT INTO `act_hi_actinst` VALUES ('20006', 'leave:1:5007', '20001', '20004', 'sid-C8ACFFC4-FE3A-4F25-B147-068C0BAC1FBC', '20007', null, '发起申请', 'userTask', '1', '2020-08-22 14:33:43.789', '2020-08-22 14:33:44.038', '249', null, '');
INSERT INTO `act_hi_actinst` VALUES ('20021', 'leave:1:5007', '20001', '20004', 'sid-1FA57FE2-A441-41C6-A9F0-5FA90FB74FAB', '20022', null, '领导审批', 'userTask', '2', '2020-08-22 14:33:44.038', null, null, null, '');
INSERT INTO `act_hi_actinst` VALUES ('5012', 'leave:1:5007', '5008', '5011', 'sid-A3D747B4-FCB2-4243-9F24-539B4E730822', null, null, '开始', 'startEvent', null, '2020-08-21 16:05:46.620', '2020-08-21 16:05:46.624', '4', null, '');
INSERT INTO `act_hi_actinst` VALUES ('5013', 'leave:1:5007', '5008', '5011', 'sid-C8ACFFC4-FE3A-4F25-B147-068C0BAC1FBC', '5014', null, '发起申请', 'userTask', '1', '2020-08-21 16:05:46.629', '2020-08-21 16:06:23.438', '36809', null, '');
INSERT INTO `act_hi_actinst` VALUES ('5028', 'leave:1:5007', '5008', '5011', 'sid-1FA57FE2-A441-41C6-A9F0-5FA90FB74FAB', '5029', null, '领导审批', 'userTask', '2', '2020-08-21 16:06:23.438', null, null, null, '');
INSERT INTO `act_hi_actinst` VALUES ('5035', 'leave:1:5007', '5031', '5034', 'sid-A3D747B4-FCB2-4243-9F24-539B4E730822', null, null, '开始', 'startEvent', null, '2020-08-21 16:07:28.291', '2020-08-21 16:07:28.291', '0', null, '');
INSERT INTO `act_hi_actinst` VALUES ('5036', 'leave:1:5007', '5031', '5034', 'sid-C8ACFFC4-FE3A-4F25-B147-068C0BAC1FBC', '5037', null, '发起申请', 'userTask', '1', '2020-08-21 16:07:28.291', '2020-08-21 16:08:39.592', '71301', null, '');
INSERT INTO `act_hi_actinst` VALUES ('5051', 'leave:1:5007', '5031', '5034', 'sid-1FA57FE2-A441-41C6-A9F0-5FA90FB74FAB', '5052', null, '领导审批', 'userTask', '2', '2020-08-21 16:08:39.593', null, null, null, '');
INSERT INTO `act_hi_actinst` VALUES ('7505', 'leave:1:5007', '7501', '7504', 'sid-A3D747B4-FCB2-4243-9F24-539B4E730822', null, null, '开始', 'startEvent', null, '2020-08-21 16:12:49.409', '2020-08-21 16:12:49.413', '4', null, '');
INSERT INTO `act_hi_actinst` VALUES ('7506', 'leave:1:5007', '7501', '7504', 'sid-C8ACFFC4-FE3A-4F25-B147-068C0BAC1FBC', '7507', null, '发起申请', 'userTask', '1', '2020-08-21 16:12:49.418', '2020-08-21 16:13:34.530', '45112', null, '');
INSERT INTO `act_hi_actinst` VALUES ('7521', 'leave:1:5007', '7501', '7504', 'sid-1FA57FE2-A441-41C6-A9F0-5FA90FB74FAB', '7522', null, '领导审批', 'userTask', '2', '2020-08-21 16:13:34.531', '2020-08-21 16:21:18.286', '463755', null, '');
INSERT INTO `act_hi_actinst` VALUES ('7524', 'leave:1:5007', '7501', '7504', 'sid-2AD8BF98-2B41-403D-BE48-2C3722D2955B', null, null, '结束', 'endEvent', null, '2020-08-21 16:21:18.287', '2020-08-21 16:21:18.287', '0', null, '');
INSERT INTO `act_hi_actinst` VALUES ('7529', 'leave:1:5007', '7525', '7528', 'sid-A3D747B4-FCB2-4243-9F24-539B4E730822', null, null, '开始', 'startEvent', null, '2020-08-21 16:21:25.258', '2020-08-21 16:21:25.258', '0', null, '');
INSERT INTO `act_hi_actinst` VALUES ('7530', 'leave:1:5007', '7525', '7528', 'sid-C8ACFFC4-FE3A-4F25-B147-068C0BAC1FBC', '7531', null, '发起申请', 'userTask', '1', '2020-08-21 16:21:25.258', null, null, null, '');
INSERT INTO `act_hi_actinst` VALUES ('7537', 'leave:1:5007', '7533', '7536', 'sid-A3D747B4-FCB2-4243-9F24-539B4E730822', null, null, '开始', 'startEvent', null, '2020-08-21 16:21:56.498', '2020-08-21 16:21:56.498', '0', null, '');
INSERT INTO `act_hi_actinst` VALUES ('7538', 'leave:1:5007', '7533', '7536', 'sid-C8ACFFC4-FE3A-4F25-B147-068C0BAC1FBC', '7539', null, '发起申请', 'userTask', '1', '2020-08-21 16:21:56.498', '2020-08-21 16:22:26.863', '30365', null, '');
INSERT INTO `act_hi_actinst` VALUES ('7553', 'leave:1:5007', '7533', '7536', 'sid-1FA57FE2-A441-41C6-A9F0-5FA90FB74FAB', '7554', null, '领导审批', 'userTask', '2', '2020-08-21 16:22:26.863', null, null, null, '');

-- ----------------------------
-- Table structure for act_hi_attachment
-- ----------------------------
DROP TABLE IF EXISTS `act_hi_attachment`;
CREATE TABLE `act_hi_attachment` (
  `ID_` varchar(64) COLLATE utf8_bin NOT NULL,
  `REV_` int(11) DEFAULT NULL,
  `USER_ID_` varchar(255) COLLATE utf8_bin DEFAULT NULL,
  `NAME_` varchar(255) COLLATE utf8_bin DEFAULT NULL,
  `DESCRIPTION_` varchar(4000) COLLATE utf8_bin DEFAULT NULL,
  `TYPE_` varchar(255) COLLATE utf8_bin DEFAULT NULL,
  `TASK_ID_` varchar(64) COLLATE utf8_bin DEFAULT NULL,
  `PROC_INST_ID_` varchar(64) COLLATE utf8_bin DEFAULT NULL,
  `URL_` varchar(4000) COLLATE utf8_bin DEFAULT NULL,
  `CONTENT_ID_` varchar(64) COLLATE utf8_bin DEFAULT NULL,
  `TIME_` datetime(3) DEFAULT NULL,
  PRIMARY KEY (`ID_`)
) ENGINE=InnoDB DEFAULT CHARSET=utf8 COLLATE=utf8_bin;

-- ----------------------------
-- Records of act_hi_attachment
-- ----------------------------

-- ----------------------------
-- Table structure for act_hi_comment
-- ----------------------------
DROP TABLE IF EXISTS `act_hi_comment`;
CREATE TABLE `act_hi_comment` (
  `ID_` varchar(64) COLLATE utf8_bin NOT NULL,
  `TYPE_` varchar(255) COLLATE utf8_bin DEFAULT NULL,
  `TIME_` datetime(3) NOT NULL,
  `USER_ID_` varchar(255) COLLATE utf8_bin DEFAULT NULL,
  `TASK_ID_` varchar(64) COLLATE utf8_bin DEFAULT NULL,
  `PROC_INST_ID_` varchar(64) COLLATE utf8_bin DEFAULT NULL,
  `ACTION_` varchar(255) COLLATE utf8_bin DEFAULT NULL,
  `MESSAGE_` varchar(4000) COLLATE utf8_bin DEFAULT NULL,
  `FULL_MSG_` longblob,
  PRIMARY KEY (`ID_`)
) ENGINE=InnoDB DEFAULT CHARSET=utf8 COLLATE=utf8_bin;

-- ----------------------------
-- Records of act_hi_comment
-- ----------------------------
INSERT INTO `act_hi_comment` VALUES ('27', 'event', '2020-08-21 10:14:37.997', null, '17', null, 'AddUserLink', '1_|_assignee', null);

-- ----------------------------
-- Table structure for act_hi_detail
-- ----------------------------
DROP TABLE IF EXISTS `act_hi_detail`;
CREATE TABLE `act_hi_detail` (
  `ID_` varchar(64) COLLATE utf8_bin NOT NULL,
  `TYPE_` varchar(255) COLLATE utf8_bin NOT NULL,
  `PROC_INST_ID_` varchar(64) COLLATE utf8_bin DEFAULT NULL,
  `EXECUTION_ID_` varchar(64) COLLATE utf8_bin DEFAULT NULL,
  `TASK_ID_` varchar(64) COLLATE utf8_bin DEFAULT NULL,
  `ACT_INST_ID_` varchar(64) COLLATE utf8_bin DEFAULT NULL,
  `NAME_` varchar(255) COLLATE utf8_bin NOT NULL,
  `VAR_TYPE_` varchar(255) COLLATE utf8_bin DEFAULT NULL,
  `REV_` int(11) DEFAULT NULL,
  `TIME_` datetime(3) NOT NULL,
  `BYTEARRAY_ID_` varchar(64) COLLATE utf8_bin DEFAULT NULL,
  `DOUBLE_` double DEFAULT NULL,
  `LONG_` bigint(20) DEFAULT NULL,
  `TEXT_` varchar(4000) COLLATE utf8_bin DEFAULT NULL,
  `TEXT2_` varchar(4000) COLLATE utf8_bin DEFAULT NULL,
  PRIMARY KEY (`ID_`),
  KEY `ACT_IDX_HI_DETAIL_PROC_INST` (`PROC_INST_ID_`),
  KEY `ACT_IDX_HI_DETAIL_ACT_INST` (`ACT_INST_ID_`),
  KEY `ACT_IDX_HI_DETAIL_TIME` (`TIME_`),
  KEY `ACT_IDX_HI_DETAIL_NAME` (`NAME_`),
  KEY `ACT_IDX_HI_DETAIL_TASK_ID` (`TASK_ID_`)
) ENGINE=InnoDB DEFAULT CHARSET=utf8 COLLATE=utf8_bin;

-- ----------------------------
-- Records of act_hi_detail
-- ----------------------------

-- ----------------------------
-- Table structure for act_hi_identitylink
-- ----------------------------
DROP TABLE IF EXISTS `act_hi_identitylink`;
CREATE TABLE `act_hi_identitylink` (
  `ID_` varchar(64) COLLATE utf8_bin NOT NULL,
  `GROUP_ID_` varchar(255) COLLATE utf8_bin DEFAULT NULL,
  `TYPE_` varchar(255) COLLATE utf8_bin DEFAULT NULL,
  `USER_ID_` varchar(255) COLLATE utf8_bin DEFAULT NULL,
  `TASK_ID_` varchar(64) COLLATE utf8_bin DEFAULT NULL,
  `PROC_INST_ID_` varchar(64) COLLATE utf8_bin DEFAULT NULL,
  PRIMARY KEY (`ID_`),
  KEY `ACT_IDX_HI_IDENT_LNK_USER` (`USER_ID_`),
  KEY `ACT_IDX_HI_IDENT_LNK_TASK` (`TASK_ID_`),
  KEY `ACT_IDX_HI_IDENT_LNK_PROCINST` (`PROC_INST_ID_`)
) ENGINE=InnoDB DEFAULT CHARSET=utf8 COLLATE=utf8_bin;

-- ----------------------------
-- Records of act_hi_identitylink
-- ----------------------------
INSERT INTO `act_hi_identitylink` VALUES ('10008', null, 'participant', '1', null, '10001');
INSERT INTO `act_hi_identitylink` VALUES ('10023', null, 'participant', '2', null, '10001');
INSERT INTO `act_hi_identitylink` VALUES ('12508', null, 'participant', '1', null, '12501');
INSERT INTO `act_hi_identitylink` VALUES ('12523', null, 'participant', '2', null, '12501');
INSERT INTO `act_hi_identitylink` VALUES ('17508', null, 'participant', '1', null, '17501');
INSERT INTO `act_hi_identitylink` VALUES ('17523', null, 'participant', '2', null, '17501');
INSERT INTO `act_hi_identitylink` VALUES ('17531', null, 'participant', '1', null, '17524');
INSERT INTO `act_hi_identitylink` VALUES ('17546', null, 'participant', '2', null, '17524');
INSERT INTO `act_hi_identitylink` VALUES ('20008', null, 'participant', '1', null, '20001');
INSERT INTO `act_hi_identitylink` VALUES ('20023', null, 'participant', '2', null, '20001');
INSERT INTO `act_hi_identitylink` VALUES ('5015', null, 'participant', '1', null, '5008');
INSERT INTO `act_hi_identitylink` VALUES ('5030', null, 'participant', '2', null, '5008');
INSERT INTO `act_hi_identitylink` VALUES ('5038', null, 'participant', '1', null, '5031');
INSERT INTO `act_hi_identitylink` VALUES ('5053', null, 'participant', '2', null, '5031');
INSERT INTO `act_hi_identitylink` VALUES ('7508', null, 'participant', '1', null, '7501');
INSERT INTO `act_hi_identitylink` VALUES ('7523', null, 'participant', '2', null, '7501');
INSERT INTO `act_hi_identitylink` VALUES ('7532', null, 'participant', '1', null, '7525');
INSERT INTO `act_hi_identitylink` VALUES ('7540', null, 'participant', '1', null, '7533');
INSERT INTO `act_hi_identitylink` VALUES ('7555', null, 'participant', '2', null, '7533');

-- ----------------------------
-- Table structure for act_hi_procinst
-- ----------------------------
DROP TABLE IF EXISTS `act_hi_procinst`;
CREATE TABLE `act_hi_procinst` (
  `ID_` varchar(64) COLLATE utf8_bin NOT NULL,
  `PROC_INST_ID_` varchar(64) COLLATE utf8_bin NOT NULL,
  `BUSINESS_KEY_` varchar(255) COLLATE utf8_bin DEFAULT NULL,
  `PROC_DEF_ID_` varchar(64) COLLATE utf8_bin NOT NULL,
  `START_TIME_` datetime(3) NOT NULL,
  `END_TIME_` datetime(3) DEFAULT NULL,
  `DURATION_` bigint(20) DEFAULT NULL,
  `START_USER_ID_` varchar(255) COLLATE utf8_bin DEFAULT NULL,
  `START_ACT_ID_` varchar(255) COLLATE utf8_bin DEFAULT NULL,
  `END_ACT_ID_` varchar(255) COLLATE utf8_bin DEFAULT NULL,
  `SUPER_PROCESS_INSTANCE_ID_` varchar(64) COLLATE utf8_bin DEFAULT NULL,
  `DELETE_REASON_` varchar(4000) COLLATE utf8_bin DEFAULT NULL,
  `TENANT_ID_` varchar(255) COLLATE utf8_bin DEFAULT '',
  `NAME_` varchar(255) COLLATE utf8_bin DEFAULT NULL,
  PRIMARY KEY (`ID_`),
  UNIQUE KEY `PROC_INST_ID_` (`PROC_INST_ID_`),
  KEY `ACT_IDX_HI_PRO_INST_END` (`END_TIME_`),
  KEY `ACT_IDX_HI_PRO_I_BUSKEY` (`BUSINESS_KEY_`)
) ENGINE=InnoDB DEFAULT CHARSET=utf8 COLLATE=utf8_bin;

-- ----------------------------
-- Records of act_hi_procinst
-- ----------------------------
INSERT INTO `act_hi_procinst` VALUES ('10001', '10001', null, 'leave:1:5007', '2020-08-21 16:27:17.625', null, null, null, 'sid-A3D747B4-FCB2-4243-9F24-539B4E730822', null, null, null, '', null);
INSERT INTO `act_hi_procinst` VALUES ('12501', '12501', null, 'leave:1:5007', '2020-08-21 16:28:45.021', '2020-08-22 10:12:53.940', '63848919', null, 'sid-A3D747B4-FCB2-4243-9F24-539B4E730822', 'sid-2AD8BF98-2B41-403D-BE48-2C3722D2955B', null, null, '', null);
INSERT INTO `act_hi_procinst` VALUES ('17501', '17501', null, 'leave:1:5007', '2020-08-22 14:29:11.585', null, null, null, 'sid-A3D747B4-FCB2-4243-9F24-539B4E730822', null, null, null, '', null);
INSERT INTO `act_hi_procinst` VALUES ('17524', '17524', null, 'leave:1:5007', '2020-08-22 14:31:33.980', null, null, null, 'sid-A3D747B4-FCB2-4243-9F24-539B4E730822', null, null, null, '', null);
INSERT INTO `act_hi_procinst` VALUES ('20001', '20001', null, 'leave:1:5007', '2020-08-22 14:33:43.745', null, null, null, 'sid-A3D747B4-FCB2-4243-9F24-539B4E730822', null, null, null, '', null);
INSERT INTO `act_hi_procinst` VALUES ('5008', '5008', null, 'leave:1:5007', '2020-08-21 16:05:46.607', null, null, null, 'sid-A3D747B4-FCB2-4243-9F24-539B4E730822', null, null, null, '', null);
INSERT INTO `act_hi_procinst` VALUES ('5031', '5031', null, 'leave:1:5007', '2020-08-21 16:07:28.291', null, null, null, 'sid-A3D747B4-FCB2-4243-9F24-539B4E730822', null, null, null, '', null);
INSERT INTO `act_hi_procinst` VALUES ('7501', '7501', null, 'leave:1:5007', '2020-08-21 16:12:49.370', '2020-08-21 16:21:18.390', '509020', null, 'sid-A3D747B4-FCB2-4243-9F24-539B4E730822', 'sid-2AD8BF98-2B41-403D-BE48-2C3722D2955B', null, null, '', null);
INSERT INTO `act_hi_procinst` VALUES ('7525', '7525', null, 'leave:1:5007', '2020-08-21 16:21:25.257', null, null, null, 'sid-A3D747B4-FCB2-4243-9F24-539B4E730822', null, null, null, '', null);
INSERT INTO `act_hi_procinst` VALUES ('7533', '7533', null, 'leave:1:5007', '2020-08-21 16:21:56.498', null, null, null, 'sid-A3D747B4-FCB2-4243-9F24-539B4E730822', null, null, null, '', null);

-- ----------------------------
-- Table structure for act_hi_taskinst
-- ----------------------------
DROP TABLE IF EXISTS `act_hi_taskinst`;
CREATE TABLE `act_hi_taskinst` (
  `ID_` varchar(64) COLLATE utf8_bin NOT NULL,
  `PROC_DEF_ID_` varchar(64) COLLATE utf8_bin DEFAULT NULL,
  `TASK_DEF_KEY_` varchar(255) COLLATE utf8_bin DEFAULT NULL,
  `PROC_INST_ID_` varchar(64) COLLATE utf8_bin DEFAULT NULL,
  `EXECUTION_ID_` varchar(64) COLLATE utf8_bin DEFAULT NULL,
  `NAME_` varchar(255) COLLATE utf8_bin DEFAULT NULL,
  `PARENT_TASK_ID_` varchar(64) COLLATE utf8_bin DEFAULT NULL,
  `DESCRIPTION_` varchar(4000) COLLATE utf8_bin DEFAULT NULL,
  `OWNER_` varchar(255) COLLATE utf8_bin DEFAULT NULL,
  `ASSIGNEE_` varchar(255) COLLATE utf8_bin DEFAULT NULL,
  `START_TIME_` datetime(3) NOT NULL,
  `CLAIM_TIME_` datetime(3) DEFAULT NULL,
  `END_TIME_` datetime(3) DEFAULT NULL,
  `DURATION_` bigint(20) DEFAULT NULL,
  `DELETE_REASON_` varchar(4000) COLLATE utf8_bin DEFAULT NULL,
  `PRIORITY_` int(11) DEFAULT NULL,
  `DUE_DATE_` datetime(3) DEFAULT NULL,
  `FORM_KEY_` varchar(255) COLLATE utf8_bin DEFAULT NULL,
  `CATEGORY_` varchar(255) COLLATE utf8_bin DEFAULT NULL,
  `TENANT_ID_` varchar(255) COLLATE utf8_bin DEFAULT '',
  PRIMARY KEY (`ID_`),
  KEY `ACT_IDX_HI_TASK_INST_PROCINST` (`PROC_INST_ID_`)
) ENGINE=InnoDB DEFAULT CHARSET=utf8 COLLATE=utf8_bin;

-- ----------------------------
-- Records of act_hi_taskinst
-- ----------------------------
INSERT INTO `act_hi_taskinst` VALUES ('10007', 'leave:1:5007', 'sid-C8ACFFC4-FE3A-4F25-B147-068C0BAC1FBC', '10001', '10004', '发起申请', null, null, null, '1', '2020-08-21 16:27:17.704', null, '2020-08-21 16:27:35.105', '17401', null, '50', null, null, null, '');
INSERT INTO `act_hi_taskinst` VALUES ('10022', 'leave:1:5007', 'sid-1FA57FE2-A441-41C6-A9F0-5FA90FB74FAB', '10001', '10004', '领导审批', null, null, null, '2', '2020-08-21 16:27:35.149', null, null, null, null, '50', null, null, null, '');
INSERT INTO `act_hi_taskinst` VALUES ('12507', 'leave:1:5007', 'sid-C8ACFFC4-FE3A-4F25-B147-068C0BAC1FBC', '12501', '12504', '发起申请', null, null, null, '1', '2020-08-21 16:28:45.092', null, '2020-08-21 16:29:26.837', '41745', null, '50', null, null, null, '');
INSERT INTO `act_hi_taskinst` VALUES ('12522', 'leave:1:5007', 'sid-1FA57FE2-A441-41C6-A9F0-5FA90FB74FAB', '12501', '12504', '领导审批', null, null, null, '2', '2020-08-21 16:29:26.886', null, '2020-08-22 10:12:53.625', '63806739', null, '50', null, null, null, '');
INSERT INTO `act_hi_taskinst` VALUES ('17507', 'leave:1:5007', 'sid-C8ACFFC4-FE3A-4F25-B147-068C0BAC1FBC', '17501', '17504', '发起申请', null, null, null, '1', '2020-08-22 14:29:11.674', null, '2020-08-22 14:29:11.930', '256', null, '50', null, null, null, '');
INSERT INTO `act_hi_taskinst` VALUES ('17522', 'leave:1:5007', 'sid-1FA57FE2-A441-41C6-A9F0-5FA90FB74FAB', '17501', '17504', '领导审批', null, null, null, '2', '2020-08-22 14:29:11.938', null, null, null, null, '50', null, null, null, '');
INSERT INTO `act_hi_taskinst` VALUES ('17530', 'leave:1:5007', 'sid-C8ACFFC4-FE3A-4F25-B147-068C0BAC1FBC', '17524', '17527', '发起申请', null, null, null, '1', '2020-08-22 14:31:33.981', null, '2020-08-22 14:31:34.075', '94', null, '50', null, null, null, '');
INSERT INTO `act_hi_taskinst` VALUES ('17545', 'leave:1:5007', 'sid-1FA57FE2-A441-41C6-A9F0-5FA90FB74FAB', '17524', '17527', '领导审批', null, null, null, '2', '2020-08-22 14:31:34.078', null, null, null, null, '50', null, null, null, '');
INSERT INTO `act_hi_taskinst` VALUES ('20007', 'leave:1:5007', 'sid-C8ACFFC4-FE3A-4F25-B147-068C0BAC1FBC', '20001', '20004', '发起申请', null, null, null, '1', '2020-08-22 14:33:43.821', null, '2020-08-22 14:33:44.031', '210', null, '50', null, null, null, '');
INSERT INTO `act_hi_taskinst` VALUES ('20022', 'leave:1:5007', 'sid-1FA57FE2-A441-41C6-A9F0-5FA90FB74FAB', '20001', '20004', '领导审批', null, null, null, '2', '2020-08-22 14:33:44.038', null, null, null, null, '50', null, null, null, '');
INSERT INTO `act_hi_taskinst` VALUES ('5014', 'leave:1:5007', 'sid-C8ACFFC4-FE3A-4F25-B147-068C0BAC1FBC', '5008', '5011', '发起申请', null, null, null, '1', '2020-08-21 16:05:46.667', null, '2020-08-21 16:06:23.430', '36763', null, '50', null, null, null, '');
INSERT INTO `act_hi_taskinst` VALUES ('5029', 'leave:1:5007', 'sid-1FA57FE2-A441-41C6-A9F0-5FA90FB74FAB', '5008', '5011', '领导审批', null, null, null, '2', '2020-08-21 16:06:23.439', null, null, null, null, '50', null, null, null, '');
INSERT INTO `act_hi_taskinst` VALUES ('5037', 'leave:1:5007', 'sid-C8ACFFC4-FE3A-4F25-B147-068C0BAC1FBC', '5031', '5034', '发起申请', null, null, null, '1', '2020-08-21 16:07:28.292', null, '2020-08-21 16:08:39.561', '71269', null, '50', null, null, null, '');
INSERT INTO `act_hi_taskinst` VALUES ('5052', 'leave:1:5007', 'sid-1FA57FE2-A441-41C6-A9F0-5FA90FB74FAB', '5031', '5034', '领导审批', null, null, null, '2', '2020-08-21 16:08:39.594', null, null, null, null, '50', null, null, null, '');
INSERT INTO `act_hi_taskinst` VALUES ('7507', 'leave:1:5007', 'sid-C8ACFFC4-FE3A-4F25-B147-068C0BAC1FBC', '7501', '7504', '发起申请', null, null, null, '1', '2020-08-21 16:12:49.446', null, '2020-08-21 16:13:34.477', '45031', null, '50', null, null, null, '');
INSERT INTO `act_hi_taskinst` VALUES ('7522', 'leave:1:5007', 'sid-1FA57FE2-A441-41C6-A9F0-5FA90FB74FAB', '7501', '7504', '领导审批', null, null, null, '2', '2020-08-21 16:13:34.532', null, '2020-08-21 16:21:18.279', '463747', null, '50', null, null, null, '');
INSERT INTO `act_hi_taskinst` VALUES ('7531', 'leave:1:5007', 'sid-C8ACFFC4-FE3A-4F25-B147-068C0BAC1FBC', '7525', '7528', '发起申请', null, null, null, '1', '2020-08-21 16:21:25.258', null, null, null, null, '50', null, null, null, '');
INSERT INTO `act_hi_taskinst` VALUES ('7539', 'leave:1:5007', 'sid-C8ACFFC4-FE3A-4F25-B147-068C0BAC1FBC', '7533', '7536', '发起申请', null, null, null, '1', '2020-08-21 16:21:56.499', null, '2020-08-21 16:22:26.833', '30334', null, '50', null, null, null, '');
INSERT INTO `act_hi_taskinst` VALUES ('7554', 'leave:1:5007', 'sid-1FA57FE2-A441-41C6-A9F0-5FA90FB74FAB', '7533', '7536', '领导审批', null, null, null, '2', '2020-08-21 16:22:26.863', null, null, null, null, '50', null, null, null, '');

-- ----------------------------
-- Table structure for act_hi_varinst
-- ----------------------------
DROP TABLE IF EXISTS `act_hi_varinst`;
CREATE TABLE `act_hi_varinst` (
  `ID_` varchar(64) COLLATE utf8_bin NOT NULL,
  `PROC_INST_ID_` varchar(64) COLLATE utf8_bin DEFAULT NULL,
  `EXECUTION_ID_` varchar(64) COLLATE utf8_bin DEFAULT NULL,
  `TASK_ID_` varchar(64) COLLATE utf8_bin DEFAULT NULL,
  `NAME_` varchar(255) COLLATE utf8_bin NOT NULL,
  `VAR_TYPE_` varchar(100) COLLATE utf8_bin DEFAULT NULL,
  `REV_` int(11) DEFAULT NULL,
  `BYTEARRAY_ID_` varchar(64) COLLATE utf8_bin DEFAULT NULL,
  `DOUBLE_` double DEFAULT NULL,
  `LONG_` bigint(20) DEFAULT NULL,
  `TEXT_` varchar(4000) COLLATE utf8_bin DEFAULT NULL,
  `TEXT2_` varchar(4000) COLLATE utf8_bin DEFAULT NULL,
  `CREATE_TIME_` datetime(3) DEFAULT NULL,
  `LAST_UPDATED_TIME_` datetime(3) DEFAULT NULL,
  PRIMARY KEY (`ID_`),
  KEY `ACT_IDX_HI_PROCVAR_PROC_INST` (`PROC_INST_ID_`),
  KEY `ACT_IDX_HI_PROCVAR_NAME_TYPE` (`NAME_`,`VAR_TYPE_`),
  KEY `ACT_IDX_HI_PROCVAR_TASK_ID` (`TASK_ID_`)
) ENGINE=InnoDB DEFAULT CHARSET=utf8 COLLATE=utf8_bin;

-- ----------------------------
-- Records of act_hi_varinst
-- ----------------------------
INSERT INTO `act_hi_varinst` VALUES ('10002', '10001', '10001', null, '1', 'null', '0', null, null, null, null, null, '2020-08-21 16:27:17.654', '2020-08-21 16:27:17.654');
INSERT INTO `act_hi_varinst` VALUES ('10003', '10001', '10001', null, 'applyUserId', 'long', '0', null, null, '1', '1', null, '2020-08-21 16:27:17.656', '2020-08-21 16:27:17.656');
INSERT INTO `act_hi_varinst` VALUES ('10009', '10001', '10001', null, 'approveStatus', 'null', '0', null, null, null, null, null, '2020-08-21 16:27:35.055', '2020-08-21 16:27:35.055');
INSERT INTO `act_hi_varinst` VALUES ('10010', '10001', '10001', null, 'reason', 'string', '0', null, null, null, '玩玩', null, '2020-08-21 16:27:35.056', '2020-08-21 16:27:35.056');
INSERT INTO `act_hi_varinst` VALUES ('10011', '10001', '10001', null, 'rejectReason', 'null', '0', null, null, null, null, null, '2020-08-21 16:27:35.056', '2020-08-21 16:27:35.056');
INSERT INTO `act_hi_varinst` VALUES ('10012', '10001', '10001', null, 'leaveType', 'integer', '0', null, null, '0', '0', null, '2020-08-21 16:27:35.057', '2020-08-21 16:27:35.057');
INSERT INTO `act_hi_varinst` VALUES ('10013', '10001', '10001', null, 'processId', 'string', '0', null, null, null, '10001', null, '2020-08-21 16:27:35.057', '2020-08-21 16:27:35.057');
INSERT INTO `act_hi_varinst` VALUES ('10014', '10001', '10001', null, 'totalHours', 'integer', '0', null, null, '2', '2', null, '2020-08-21 16:27:35.058', '2020-08-21 16:27:35.058');
INSERT INTO `act_hi_varinst` VALUES ('10015', '10001', '10001', null, 'approverId', 'long', '0', null, null, '2', '2', null, '2020-08-21 16:27:35.058', '2020-08-21 16:27:35.058');
INSERT INTO `act_hi_varinst` VALUES ('10016', '10001', '10001', null, 'leaveCode', 'integer', '0', null, null, '70001', '70001', null, '2020-08-21 16:27:35.058', '2020-08-21 16:27:35.058');
INSERT INTO `act_hi_varinst` VALUES ('10017', '10001', '10001', null, 'startTime', 'date', '0', null, null, '1597998122000', null, null, '2020-08-21 16:27:35.059', '2020-08-21 16:27:35.059');
INSERT INTO `act_hi_varinst` VALUES ('10018', '10001', '10001', null, 'endTime', 'date', '0', null, null, '1598005324000', null, null, '2020-08-21 16:27:35.059', '2020-08-21 16:27:35.059');
INSERT INTO `act_hi_varinst` VALUES ('10019', '10001', '10001', null, 'id', 'null', '0', null, null, null, null, null, '2020-08-21 16:27:35.060', '2020-08-21 16:27:35.060');
INSERT INTO `act_hi_varinst` VALUES ('10020', '10001', '10001', null, 'ownerId', 'long', '0', null, null, '1', '1', null, '2020-08-21 16:27:35.060', '2020-08-21 16:27:35.060');
INSERT INTO `act_hi_varinst` VALUES ('12502', '12501', '12501', null, '1', 'null', '0', null, null, null, null, null, '2020-08-21 16:28:45.049', '2020-08-21 16:28:45.049');
INSERT INTO `act_hi_varinst` VALUES ('12503', '12501', '12501', null, 'applyUserId', 'long', '0', null, null, '1', '1', null, '2020-08-21 16:28:45.051', '2020-08-21 16:28:45.051');
INSERT INTO `act_hi_varinst` VALUES ('12509', '12501', '12501', null, 'approveStatus', 'null', '0', null, null, null, null, null, '2020-08-21 16:29:26.790', '2020-08-21 16:29:26.790');
INSERT INTO `act_hi_varinst` VALUES ('12510', '12501', '12501', null, 'reason', 'string', '0', null, null, null, '玩玩', null, '2020-08-21 16:29:26.791', '2020-08-21 16:29:26.791');
INSERT INTO `act_hi_varinst` VALUES ('12511', '12501', '12501', null, 'rejectReason', 'null', '0', null, null, null, null, null, '2020-08-21 16:29:26.791', '2020-08-21 16:29:26.791');
INSERT INTO `act_hi_varinst` VALUES ('12512', '12501', '12501', null, 'leaveType', 'integer', '0', null, null, '0', '0', null, '2020-08-21 16:29:26.792', '2020-08-21 16:29:26.792');
INSERT INTO `act_hi_varinst` VALUES ('12513', '12501', '12501', null, 'processId', 'string', '0', null, null, null, '12501', null, '2020-08-21 16:29:26.792', '2020-08-21 16:29:26.792');
INSERT INTO `act_hi_varinst` VALUES ('12514', '12501', '12501', null, 'totalHours', 'integer', '0', null, null, '12', '12', null, '2020-08-21 16:29:26.792', '2020-08-21 16:29:26.792');
INSERT INTO `act_hi_varinst` VALUES ('12515', '12501', '12501', null, 'approverId', 'long', '0', null, null, '2', '2', null, '2020-08-21 16:29:26.793', '2020-08-21 16:29:26.793');
INSERT INTO `act_hi_varinst` VALUES ('12516', '12501', '12501', null, 'leaveCode', 'integer', '0', null, null, '70001', '70001', null, '2020-08-21 16:29:26.793', '2020-08-21 16:29:26.793');
INSERT INTO `act_hi_varinst` VALUES ('12517', '12501', '12501', null, 'startTime', 'date', '0', null, null, '1597998532000', null, null, '2020-08-21 16:29:26.793', '2020-08-21 16:29:26.793');
INSERT INTO `act_hi_varinst` VALUES ('12518', '12501', '12501', null, 'endTime', 'date', '0', null, null, '1598023734000', null, null, '2020-08-21 16:29:26.794', '2020-08-21 16:29:26.794');
INSERT INTO `act_hi_varinst` VALUES ('12519', '12501', '12501', null, 'id', 'null', '0', null, null, null, null, null, '2020-08-21 16:29:26.794', '2020-08-21 16:29:26.794');
INSERT INTO `act_hi_varinst` VALUES ('12520', '12501', '12501', null, 'ownerId', 'long', '0', null, null, '1', '1', null, '2020-08-21 16:29:26.794', '2020-08-21 16:29:26.794');
INSERT INTO `act_hi_varinst` VALUES ('15001', '12501', '12501', null, 'auditPass', 'boolean', '0', null, null, '1', null, null, '2020-08-22 10:12:53.561', '2020-08-22 10:12:53.561');
INSERT INTO `act_hi_varinst` VALUES ('17502', '17501', '17501', null, '1', 'null', '0', null, null, null, null, null, '2020-08-22 14:29:11.614', '2020-08-22 14:29:11.614');
INSERT INTO `act_hi_varinst` VALUES ('17503', '17501', '17501', null, 'applyUserId', 'long', '0', null, null, '1', '1', null, '2020-08-22 14:29:11.617', '2020-08-22 14:29:11.617');
INSERT INTO `act_hi_varinst` VALUES ('17509', '17501', '17501', null, 'approveStatus', 'null', '0', null, null, null, null, null, '2020-08-22 14:29:11.921', '2020-08-22 14:29:11.921');
INSERT INTO `act_hi_varinst` VALUES ('17510', '17501', '17501', null, 'reason', 'string', '0', null, null, null, '你猜猜', null, '2020-08-22 14:29:11.922', '2020-08-22 14:29:11.922');
INSERT INTO `act_hi_varinst` VALUES ('17511', '17501', '17501', null, 'rejectReason', 'null', '0', null, null, null, null, null, '2020-08-22 14:29:11.922', '2020-08-22 14:29:11.922');
INSERT INTO `act_hi_varinst` VALUES ('17512', '17501', '17501', null, 'leaveType', 'integer', '0', null, null, '0', '0', null, '2020-08-22 14:29:11.922', '2020-08-22 14:29:11.922');
INSERT INTO `act_hi_varinst` VALUES ('17513', '17501', '17501', null, 'processId', 'null', '0', null, null, null, null, null, '2020-08-22 14:29:11.922', '2020-08-22 14:29:11.922');
INSERT INTO `act_hi_varinst` VALUES ('17514', '17501', '17501', null, 'totalHours', 'integer', '0', null, null, '12', '12', null, '2020-08-22 14:29:11.922', '2020-08-22 14:29:11.922');
INSERT INTO `act_hi_varinst` VALUES ('17515', '17501', '17501', null, 'approverId', 'long', '0', null, null, '2', '2', null, '2020-08-22 14:29:11.922', '2020-08-22 14:29:11.922');
INSERT INTO `act_hi_varinst` VALUES ('17516', '17501', '17501', null, 'leaveCode', 'null', '0', null, null, null, null, null, '2020-08-22 14:29:11.922', '2020-08-22 14:29:11.922');
INSERT INTO `act_hi_varinst` VALUES ('17517', '17501', '17501', null, 'startTime', 'date', '0', null, null, '1598077741000', null, null, '2020-08-22 14:29:11.922', '2020-08-22 14:29:11.922');
INSERT INTO `act_hi_varinst` VALUES ('17518', '17501', '17501', null, 'endTime', 'date', '0', null, null, '1598077743000', null, null, '2020-08-22 14:29:11.922', '2020-08-22 14:29:11.922');
INSERT INTO `act_hi_varinst` VALUES ('17519', '17501', '17501', null, 'id', 'null', '0', null, null, null, null, null, '2020-08-22 14:29:11.922', '2020-08-22 14:29:11.922');
INSERT INTO `act_hi_varinst` VALUES ('17520', '17501', '17501', null, 'ownerId', 'long', '0', null, null, '1', '1', null, '2020-08-22 14:29:11.922', '2020-08-22 14:29:11.922');
INSERT INTO `act_hi_varinst` VALUES ('17525', '17524', '17524', null, '1', 'null', '0', null, null, null, null, null, '2020-08-22 14:31:33.981', '2020-08-22 14:31:33.981');
INSERT INTO `act_hi_varinst` VALUES ('17526', '17524', '17524', null, 'applyUserId', 'long', '0', null, null, '1', '1', null, '2020-08-22 14:31:33.981', '2020-08-22 14:31:33.981');
INSERT INTO `act_hi_varinst` VALUES ('17532', '17524', '17524', null, 'approveStatus', 'null', '0', null, null, null, null, null, '2020-08-22 14:31:34.071', '2020-08-22 14:31:34.071');
INSERT INTO `act_hi_varinst` VALUES ('17533', '17524', '17524', null, 'reason', 'string', '0', null, null, null, '你猜猜', null, '2020-08-22 14:31:34.071', '2020-08-22 14:31:34.071');
INSERT INTO `act_hi_varinst` VALUES ('17534', '17524', '17524', null, 'rejectReason', 'null', '0', null, null, null, null, null, '2020-08-22 14:31:34.071', '2020-08-22 14:31:34.071');
INSERT INTO `act_hi_varinst` VALUES ('17535', '17524', '17524', null, 'leaveType', 'integer', '0', null, null, '0', '0', null, '2020-08-22 14:31:34.071', '2020-08-22 14:31:34.071');
INSERT INTO `act_hi_varinst` VALUES ('17536', '17524', '17524', null, 'processId', 'null', '0', null, null, null, null, null, '2020-08-22 14:31:34.071', '2020-08-22 14:31:34.071');
INSERT INTO `act_hi_varinst` VALUES ('17537', '17524', '17524', null, 'totalHours', 'integer', '0', null, null, '1', '1', null, '2020-08-22 14:31:34.071', '2020-08-22 14:31:34.071');
INSERT INTO `act_hi_varinst` VALUES ('17538', '17524', '17524', null, 'approverId', 'long', '0', null, null, '2', '2', null, '2020-08-22 14:31:34.071', '2020-08-22 14:31:34.071');
INSERT INTO `act_hi_varinst` VALUES ('17539', '17524', '17524', null, 'leaveCode', 'integer', '0', null, null, '70002', '70002', null, '2020-08-22 14:31:34.071', '2020-08-22 14:31:34.071');
INSERT INTO `act_hi_varinst` VALUES ('17540', '17524', '17524', null, 'startTime', 'date', '0', null, null, '1598077884000', null, null, '2020-08-22 14:31:34.071', '2020-08-22 14:31:34.071');
INSERT INTO `act_hi_varinst` VALUES ('17541', '17524', '17524', null, 'endTime', 'date', '0', null, null, '1598077886000', null, null, '2020-08-22 14:31:34.071', '2020-08-22 14:31:34.071');
INSERT INTO `act_hi_varinst` VALUES ('17542', '17524', '17524', null, 'id', 'null', '0', null, null, null, null, null, '2020-08-22 14:31:34.071', '2020-08-22 14:31:34.071');
INSERT INTO `act_hi_varinst` VALUES ('17543', '17524', '17524', null, 'ownerId', 'long', '0', null, null, '1', '1', null, '2020-08-22 14:31:34.071', '2020-08-22 14:31:34.071');
INSERT INTO `act_hi_varinst` VALUES ('20002', '20001', '20001', null, '1', 'null', '0', null, null, null, null, null, '2020-08-22 14:33:43.768', '2020-08-22 14:33:43.768');
INSERT INTO `act_hi_varinst` VALUES ('20003', '20001', '20001', null, 'applyUserId', 'long', '0', null, null, '1', '1', null, '2020-08-22 14:33:43.770', '2020-08-22 14:33:43.770');
INSERT INTO `act_hi_varinst` VALUES ('20009', '20001', '20001', null, 'approveStatus', 'null', '0', null, null, null, null, null, '2020-08-22 14:33:44.022', '2020-08-22 14:33:44.022');
INSERT INTO `act_hi_varinst` VALUES ('20010', '20001', '20001', null, 'reason', 'string', '0', null, null, null, '你猜猜', null, '2020-08-22 14:33:44.022', '2020-08-22 14:33:44.022');
INSERT INTO `act_hi_varinst` VALUES ('20011', '20001', '20001', null, 'rejectReason', 'null', '0', null, null, null, null, null, '2020-08-22 14:33:44.023', '2020-08-22 14:33:44.023');
INSERT INTO `act_hi_varinst` VALUES ('20012', '20001', '20001', null, 'leaveType', 'integer', '0', null, null, '0', '0', null, '2020-08-22 14:33:44.023', '2020-08-22 14:33:44.023');
INSERT INTO `act_hi_varinst` VALUES ('20013', '20001', '20001', null, 'processId', 'null', '0', null, null, null, null, null, '2020-08-22 14:33:44.023', '2020-08-22 14:33:44.023');
INSERT INTO `act_hi_varinst` VALUES ('20014', '20001', '20001', null, 'totalHours', 'integer', '0', null, null, '12', '12', null, '2020-08-22 14:33:44.023', '2020-08-22 14:33:44.023');
INSERT INTO `act_hi_varinst` VALUES ('20015', '20001', '20001', null, 'approverId', 'long', '0', null, null, '2', '2', null, '2020-08-22 14:33:44.023', '2020-08-22 14:33:44.023');
INSERT INTO `act_hi_varinst` VALUES ('20016', '20001', '20001', null, 'leaveCode', 'integer', '0', null, null, '70002', '70002', null, '2020-08-22 14:33:44.023', '2020-08-22 14:33:44.023');
INSERT INTO `act_hi_varinst` VALUES ('20017', '20001', '20001', null, 'startTime', 'date', '0', null, null, '1598078014000', null, null, '2020-08-22 14:33:44.023', '2020-08-22 14:33:44.023');
INSERT INTO `act_hi_varinst` VALUES ('20018', '20001', '20001', null, 'endTime', 'date', '0', null, null, '1598078016000', null, null, '2020-08-22 14:33:44.023', '2020-08-22 14:33:44.023');
INSERT INTO `act_hi_varinst` VALUES ('20019', '20001', '20001', null, 'id', 'null', '0', null, null, null, null, null, '2020-08-22 14:33:44.023', '2020-08-22 14:33:44.023');
INSERT INTO `act_hi_varinst` VALUES ('20020', '20001', '20001', null, 'ownerId', 'long', '0', null, null, '1', '1', null, '2020-08-22 14:33:44.023', '2020-08-22 14:33:44.023');
INSERT INTO `act_hi_varinst` VALUES ('5009', '5008', '5008', null, '1', 'null', '0', null, null, null, null, null, '2020-08-21 16:05:46.608', '2020-08-21 16:05:46.608');
INSERT INTO `act_hi_varinst` VALUES ('5010', '5008', '5008', null, 'applyUserId', 'long', '0', null, null, '1', '1', null, '2020-08-21 16:05:46.611', '2020-08-21 16:05:46.611');
INSERT INTO `act_hi_varinst` VALUES ('5016', '5008', '5008', null, 'approveStatus', 'null', '0', null, null, null, null, null, '2020-08-21 16:06:23.421', '2020-08-21 16:06:23.421');
INSERT INTO `act_hi_varinst` VALUES ('5017', '5008', '5008', null, 'reason', 'string', '0', null, null, null, '请假玩玩', null, '2020-08-21 16:06:23.421', '2020-08-21 16:06:23.421');
INSERT INTO `act_hi_varinst` VALUES ('5018', '5008', '5008', null, 'rejectReason', 'null', '0', null, null, null, null, null, '2020-08-21 16:06:23.421', '2020-08-21 16:06:23.421');
INSERT INTO `act_hi_varinst` VALUES ('5019', '5008', '5008', null, 'leaveType', 'integer', '0', null, null, '0', '0', null, '2020-08-21 16:06:23.421', '2020-08-21 16:06:23.421');
INSERT INTO `act_hi_varinst` VALUES ('5020', '5008', '5008', null, 'processId', 'string', '0', null, null, null, '5008', null, '2020-08-21 16:06:23.421', '2020-08-21 16:06:23.421');
INSERT INTO `act_hi_varinst` VALUES ('5021', '5008', '5008', null, 'totalHours', 'integer', '0', null, null, '12', '12', null, '2020-08-21 16:06:23.421', '2020-08-21 16:06:23.421');
INSERT INTO `act_hi_varinst` VALUES ('5022', '5008', '5008', null, 'approverId', 'long', '0', null, null, '2', '2', null, '2020-08-21 16:06:23.421', '2020-08-21 16:06:23.421');
INSERT INTO `act_hi_varinst` VALUES ('5023', '5008', '5008', null, 'leaveCode', 'integer', '0', null, null, '70001', '70001', null, '2020-08-21 16:06:23.421', '2020-08-21 16:06:23.421');
INSERT INTO `act_hi_varinst` VALUES ('5024', '5008', '5008', null, 'startTime', 'null', '0', null, null, null, null, null, '2020-08-21 16:06:23.421', '2020-08-21 16:06:23.421');
INSERT INTO `act_hi_varinst` VALUES ('5025', '5008', '5008', null, 'endTime', 'date', '0', null, null, '1598015163000', null, null, '2020-08-21 16:06:23.422', '2020-08-21 16:06:23.422');
INSERT INTO `act_hi_varinst` VALUES ('5026', '5008', '5008', null, 'id', 'null', '0', null, null, null, null, null, '2020-08-21 16:06:23.422', '2020-08-21 16:06:23.422');
INSERT INTO `act_hi_varinst` VALUES ('5027', '5008', '5008', null, 'ownerId', 'long', '0', null, null, '1', '1', null, '2020-08-21 16:06:23.422', '2020-08-21 16:06:23.422');
INSERT INTO `act_hi_varinst` VALUES ('5032', '5031', '5031', null, '1', 'null', '0', null, null, null, null, null, '2020-08-21 16:07:28.291', '2020-08-21 16:07:28.291');
INSERT INTO `act_hi_varinst` VALUES ('5033', '5031', '5031', null, 'applyUserId', 'long', '0', null, null, '1', '1', null, '2020-08-21 16:07:28.291', '2020-08-21 16:07:28.291');
INSERT INTO `act_hi_varinst` VALUES ('5039', '5031', '5031', null, 'approveStatus', 'null', '0', null, null, null, null, null, '2020-08-21 16:08:39.519', '2020-08-21 16:08:39.519');
INSERT INTO `act_hi_varinst` VALUES ('5040', '5031', '5031', null, 'reason', 'string', '0', null, null, null, '请假玩玩', null, '2020-08-21 16:08:39.520', '2020-08-21 16:08:39.520');
INSERT INTO `act_hi_varinst` VALUES ('5041', '5031', '5031', null, 'rejectReason', 'null', '0', null, null, null, null, null, '2020-08-21 16:08:39.520', '2020-08-21 16:08:39.520');
INSERT INTO `act_hi_varinst` VALUES ('5042', '5031', '5031', null, 'leaveType', 'integer', '0', null, null, '0', '0', null, '2020-08-21 16:08:39.521', '2020-08-21 16:08:39.521');
INSERT INTO `act_hi_varinst` VALUES ('5043', '5031', '5031', null, 'processId', 'string', '0', null, null, null, '5031', null, '2020-08-21 16:08:39.521', '2020-08-21 16:08:39.521');
INSERT INTO `act_hi_varinst` VALUES ('5044', '5031', '5031', null, 'totalHours', 'integer', '0', null, null, '12', '12', null, '2020-08-21 16:08:39.522', '2020-08-21 16:08:39.522');
INSERT INTO `act_hi_varinst` VALUES ('5045', '5031', '5031', null, 'approverId', 'long', '0', null, null, '2', '2', null, '2020-08-21 16:08:39.522', '2020-08-21 16:08:39.522');
INSERT INTO `act_hi_varinst` VALUES ('5046', '5031', '5031', null, 'leaveCode', 'integer', '0', null, null, '70001', '70001', null, '2020-08-21 16:08:39.523', '2020-08-21 16:08:39.523');
INSERT INTO `act_hi_varinst` VALUES ('5047', '5031', '5031', null, 'startTime', 'null', '0', null, null, null, null, null, '2020-08-21 16:08:39.523', '2020-08-21 16:08:39.523');
INSERT INTO `act_hi_varinst` VALUES ('5048', '5031', '5031', null, 'endTime', 'date', '0', null, null, '1598015163000', null, null, '2020-08-21 16:08:39.523', '2020-08-21 16:08:39.523');
INSERT INTO `act_hi_varinst` VALUES ('5049', '5031', '5031', null, 'id', 'null', '0', null, null, null, null, null, '2020-08-21 16:08:39.524', '2020-08-21 16:08:39.524');
INSERT INTO `act_hi_varinst` VALUES ('5050', '5031', '5031', null, 'ownerId', 'long', '0', null, null, '1', '1', null, '2020-08-21 16:08:39.524', '2020-08-21 16:08:39.524');
INSERT INTO `act_hi_varinst` VALUES ('7502', '7501', '7501', null, '1', 'null', '0', null, null, null, null, null, '2020-08-21 16:12:49.400', '2020-08-21 16:12:49.400');
INSERT INTO `act_hi_varinst` VALUES ('7503', '7501', '7501', null, 'applyUserId', 'long', '0', null, null, '1', '1', null, '2020-08-21 16:12:49.403', '2020-08-21 16:12:49.403');
INSERT INTO `act_hi_varinst` VALUES ('7509', '7501', '7501', null, 'approveStatus', 'null', '1', null, null, null, null, null, '2020-08-21 16:13:34.404', '2020-08-21 16:21:18.228');
INSERT INTO `act_hi_varinst` VALUES ('7510', '7501', '7501', null, 'reason', 'string', '1', null, null, null, '请假玩玩', null, '2020-08-21 16:13:34.405', '2020-08-21 16:21:18.230');
INSERT INTO `act_hi_varinst` VALUES ('7511', '7501', '7501', null, 'rejectReason', 'null', '1', null, null, null, null, null, '2020-08-21 16:13:34.405', '2020-08-21 16:21:18.233');
INSERT INTO `act_hi_varinst` VALUES ('7512', '7501', '7501', null, 'leaveType', 'integer', '1', null, null, '0', '0', null, '2020-08-21 16:13:34.406', '2020-08-21 16:21:18.237');
INSERT INTO `act_hi_varinst` VALUES ('7513', '7501', '7501', null, 'processId', 'string', '1', null, null, null, '7501', null, '2020-08-21 16:13:34.406', '2020-08-21 16:21:18.244');
INSERT INTO `act_hi_varinst` VALUES ('7514', '7501', '7501', null, 'totalHours', 'integer', '1', null, null, '12', '12', null, '2020-08-21 16:13:34.407', '2020-08-21 16:21:18.246');
INSERT INTO `act_hi_varinst` VALUES ('7515', '7501', '7501', null, 'approverId', 'long', '1', null, null, '2', '2', null, '2020-08-21 16:13:34.407', '2020-08-21 16:21:18.252');
INSERT INTO `act_hi_varinst` VALUES ('7516', '7501', '7501', null, 'leaveCode', 'integer', '1', null, null, '70001', '70001', null, '2020-08-21 16:13:34.408', '2020-08-21 16:21:18.254');
INSERT INTO `act_hi_varinst` VALUES ('7517', '7501', '7501', null, 'startTime', 'null', '1', null, null, null, null, null, '2020-08-21 16:13:34.408', '2020-08-21 16:21:18.256');
INSERT INTO `act_hi_varinst` VALUES ('7518', '7501', '7501', null, 'endTime', 'date', '1', null, null, '1598015163000', null, null, '2020-08-21 16:13:34.410', '2020-08-21 16:21:18.258');
INSERT INTO `act_hi_varinst` VALUES ('7519', '7501', '7501', null, 'id', 'null', '1', null, null, null, null, null, '2020-08-21 16:13:34.411', '2020-08-21 16:21:18.259');
INSERT INTO `act_hi_varinst` VALUES ('7520', '7501', '7501', null, 'ownerId', 'long', '1', null, null, '1', '1', null, '2020-08-21 16:13:34.412', '2020-08-21 16:21:18.262');
INSERT INTO `act_hi_varinst` VALUES ('7526', '7525', '7525', null, '1', 'null', '0', null, null, null, null, null, '2020-08-21 16:21:25.257', '2020-08-21 16:21:25.257');
INSERT INTO `act_hi_varinst` VALUES ('7527', '7525', '7525', null, 'applyUserId', 'long', '0', null, null, '1', '1', null, '2020-08-21 16:21:25.258', '2020-08-21 16:21:25.258');
INSERT INTO `act_hi_varinst` VALUES ('7534', '7533', '7533', null, '1', 'null', '0', null, null, null, null, null, '2020-08-21 16:21:56.498', '2020-08-21 16:21:56.498');
INSERT INTO `act_hi_varinst` VALUES ('7535', '7533', '7533', null, 'applyUserId', 'long', '0', null, null, '1', '1', null, '2020-08-21 16:21:56.498', '2020-08-21 16:21:56.498');
INSERT INTO `act_hi_varinst` VALUES ('7541', '7533', '7533', null, 'approveStatus', 'null', '0', null, null, null, null, null, '2020-08-21 16:22:26.784', '2020-08-21 16:22:26.784');
INSERT INTO `act_hi_varinst` VALUES ('7542', '7533', '7533', null, 'reason', 'string', '0', null, null, null, '玩玩', null, '2020-08-21 16:22:26.784', '2020-08-21 16:22:26.784');
INSERT INTO `act_hi_varinst` VALUES ('7543', '7533', '7533', null, 'rejectReason', 'null', '0', null, null, null, null, null, '2020-08-21 16:22:26.784', '2020-08-21 16:22:26.784');
INSERT INTO `act_hi_varinst` VALUES ('7544', '7533', '7533', null, 'leaveType', 'integer', '0', null, null, '0', '0', null, '2020-08-21 16:22:26.784', '2020-08-21 16:22:26.784');
INSERT INTO `act_hi_varinst` VALUES ('7545', '7533', '7533', null, 'processId', 'string', '0', null, null, null, '7533', null, '2020-08-21 16:22:26.786', '2020-08-21 16:22:26.786');
INSERT INTO `act_hi_varinst` VALUES ('7546', '7533', '7533', null, 'totalHours', 'integer', '0', null, null, '2', '2', null, '2020-08-21 16:22:26.787', '2020-08-21 16:22:26.787');
INSERT INTO `act_hi_varinst` VALUES ('7547', '7533', '7533', null, 'approverId', 'long', '0', null, null, '2', '2', null, '2020-08-21 16:22:26.788', '2020-08-21 16:22:26.788');
INSERT INTO `act_hi_varinst` VALUES ('7548', '7533', '7533', null, 'leaveCode', 'integer', '0', null, null, '70001', '70001', null, '2020-08-21 16:22:26.789', '2020-08-21 16:22:26.789');
INSERT INTO `act_hi_varinst` VALUES ('7549', '7533', '7533', null, 'startTime', 'date', '0', null, null, '1597998122000', null, null, '2020-08-21 16:22:26.789', '2020-08-21 16:22:26.789');
INSERT INTO `act_hi_varinst` VALUES ('7550', '7533', '7533', null, 'endTime', 'date', '0', null, null, '1598005324000', null, null, '2020-08-21 16:22:26.789', '2020-08-21 16:22:26.789');
INSERT INTO `act_hi_varinst` VALUES ('7551', '7533', '7533', null, 'id', 'null', '0', null, null, null, null, null, '2020-08-21 16:22:26.790', '2020-08-21 16:22:26.790');
INSERT INTO `act_hi_varinst` VALUES ('7552', '7533', '7533', null, 'ownerId', 'long', '0', null, null, '1', '1', null, '2020-08-21 16:22:26.790', '2020-08-21 16:22:26.790');

-- ----------------------------
-- Table structure for act_id_group
-- ----------------------------
DROP TABLE IF EXISTS `act_id_group`;
CREATE TABLE `act_id_group` (
  `ID_` varchar(64) COLLATE utf8_bin NOT NULL,
  `REV_` int(11) DEFAULT NULL,
  `NAME_` varchar(255) COLLATE utf8_bin DEFAULT NULL,
  `TYPE_` varchar(255) COLLATE utf8_bin DEFAULT NULL,
  PRIMARY KEY (`ID_`)
) ENGINE=InnoDB DEFAULT CHARSET=utf8 COLLATE=utf8_bin;

-- ----------------------------
-- Records of act_id_group
-- ----------------------------

-- ----------------------------
-- Table structure for act_id_info
-- ----------------------------
DROP TABLE IF EXISTS `act_id_info`;
CREATE TABLE `act_id_info` (
  `ID_` varchar(64) COLLATE utf8_bin NOT NULL,
  `REV_` int(11) DEFAULT NULL,
  `USER_ID_` varchar(64) COLLATE utf8_bin DEFAULT NULL,
  `TYPE_` varchar(64) COLLATE utf8_bin DEFAULT NULL,
  `KEY_` varchar(255) COLLATE utf8_bin DEFAULT NULL,
  `VALUE_` varchar(255) COLLATE utf8_bin DEFAULT NULL,
  `PASSWORD_` longblob,
  `PARENT_ID_` varchar(255) COLLATE utf8_bin DEFAULT NULL,
  PRIMARY KEY (`ID_`)
) ENGINE=InnoDB DEFAULT CHARSET=utf8 COLLATE=utf8_bin;

-- ----------------------------
-- Records of act_id_info
-- ----------------------------

-- ----------------------------
-- Table structure for act_id_membership
-- ----------------------------
DROP TABLE IF EXISTS `act_id_membership`;
CREATE TABLE `act_id_membership` (
  `USER_ID_` varchar(64) COLLATE utf8_bin NOT NULL,
  `GROUP_ID_` varchar(64) COLLATE utf8_bin NOT NULL,
  PRIMARY KEY (`USER_ID_`,`GROUP_ID_`),
  KEY `ACT_FK_MEMB_GROUP` (`GROUP_ID_`),
  CONSTRAINT `ACT_FK_MEMB_GROUP` FOREIGN KEY (`GROUP_ID_`) REFERENCES `act_id_group` (`ID_`),
  CONSTRAINT `ACT_FK_MEMB_USER` FOREIGN KEY (`USER_ID_`) REFERENCES `act_id_user` (`ID_`)
) ENGINE=InnoDB DEFAULT CHARSET=utf8 COLLATE=utf8_bin;

-- ----------------------------
-- Records of act_id_membership
-- ----------------------------

-- ----------------------------
-- Table structure for act_id_user
-- ----------------------------
DROP TABLE IF EXISTS `act_id_user`;
CREATE TABLE `act_id_user` (
  `ID_` varchar(64) COLLATE utf8_bin NOT NULL,
  `REV_` int(11) DEFAULT NULL,
  `FIRST_` varchar(255) COLLATE utf8_bin DEFAULT NULL,
  `LAST_` varchar(255) COLLATE utf8_bin DEFAULT NULL,
  `EMAIL_` varchar(255) COLLATE utf8_bin DEFAULT NULL,
  `PWD_` varchar(255) COLLATE utf8_bin DEFAULT NULL,
  `PICTURE_ID_` varchar(64) COLLATE utf8_bin DEFAULT NULL,
  PRIMARY KEY (`ID_`)
) ENGINE=InnoDB DEFAULT CHARSET=utf8 COLLATE=utf8_bin;

-- ----------------------------
-- Records of act_id_user
-- ----------------------------

-- ----------------------------
-- Table structure for act_procdef_info
-- ----------------------------
DROP TABLE IF EXISTS `act_procdef_info`;
CREATE TABLE `act_procdef_info` (
  `ID_` varchar(64) COLLATE utf8_bin NOT NULL,
  `PROC_DEF_ID_` varchar(64) COLLATE utf8_bin NOT NULL,
  `REV_` int(11) DEFAULT NULL,
  `INFO_JSON_ID_` varchar(64) COLLATE utf8_bin DEFAULT NULL,
  PRIMARY KEY (`ID_`),
  UNIQUE KEY `ACT_UNIQ_INFO_PROCDEF` (`PROC_DEF_ID_`),
  KEY `ACT_IDX_INFO_PROCDEF` (`PROC_DEF_ID_`),
  KEY `ACT_FK_INFO_JSON_BA` (`INFO_JSON_ID_`),
  CONSTRAINT `ACT_FK_INFO_JSON_BA` FOREIGN KEY (`INFO_JSON_ID_`) REFERENCES `act_ge_bytearray` (`ID_`),
  CONSTRAINT `ACT_FK_INFO_PROCDEF` FOREIGN KEY (`PROC_DEF_ID_`) REFERENCES `act_re_procdef` (`ID_`)
) ENGINE=InnoDB DEFAULT CHARSET=utf8 COLLATE=utf8_bin;

-- ----------------------------
-- Records of act_procdef_info
-- ----------------------------

-- ----------------------------
-- Table structure for act_re_deployment
-- ----------------------------
DROP TABLE IF EXISTS `act_re_deployment`;
CREATE TABLE `act_re_deployment` (
  `ID_` varchar(64) COLLATE utf8_bin NOT NULL,
  `NAME_` varchar(255) COLLATE utf8_bin DEFAULT NULL,
  `CATEGORY_` varchar(255) COLLATE utf8_bin DEFAULT NULL,
  `KEY_` varchar(255) COLLATE utf8_bin DEFAULT NULL,
  `TENANT_ID_` varchar(255) COLLATE utf8_bin DEFAULT '',
  `DEPLOY_TIME_` timestamp(3) NULL DEFAULT NULL,
  `ENGINE_VERSION_` varchar(255) COLLATE utf8_bin DEFAULT NULL,
  PRIMARY KEY (`ID_`)
) ENGINE=InnoDB DEFAULT CHARSET=utf8 COLLATE=utf8_bin;

-- ----------------------------
-- Records of act_re_deployment
-- ----------------------------
INSERT INTO `act_re_deployment` VALUES ('5004', '请假流程', null, 'leave', '', '2020-08-21 16:05:40.360', null);

-- ----------------------------
-- Table structure for act_re_model
-- ----------------------------
DROP TABLE IF EXISTS `act_re_model`;
CREATE TABLE `act_re_model` (
  `ID_` varchar(64) COLLATE utf8_bin NOT NULL,
  `REV_` int(11) DEFAULT NULL,
  `NAME_` varchar(255) COLLATE utf8_bin DEFAULT NULL,
  `KEY_` varchar(255) COLLATE utf8_bin DEFAULT NULL,
  `CATEGORY_` varchar(255) COLLATE utf8_bin DEFAULT NULL,
  `CREATE_TIME_` timestamp(3) NULL DEFAULT NULL,
  `LAST_UPDATE_TIME_` timestamp(3) NULL DEFAULT NULL,
  `VERSION_` int(11) DEFAULT NULL,
  `META_INFO_` varchar(4000) COLLATE utf8_bin DEFAULT NULL,
  `DEPLOYMENT_ID_` varchar(64) COLLATE utf8_bin DEFAULT NULL,
  `EDITOR_SOURCE_VALUE_ID_` varchar(64) COLLATE utf8_bin DEFAULT NULL,
  `EDITOR_SOURCE_EXTRA_VALUE_ID_` varchar(64) COLLATE utf8_bin DEFAULT NULL,
  `TENANT_ID_` varchar(255) COLLATE utf8_bin DEFAULT '',
  PRIMARY KEY (`ID_`),
  KEY `ACT_FK_MODEL_SOURCE` (`EDITOR_SOURCE_VALUE_ID_`),
  KEY `ACT_FK_MODEL_SOURCE_EXTRA` (`EDITOR_SOURCE_EXTRA_VALUE_ID_`),
  KEY `ACT_FK_MODEL_DEPLOYMENT` (`DEPLOYMENT_ID_`),
  CONSTRAINT `ACT_FK_MODEL_DEPLOYMENT` FOREIGN KEY (`DEPLOYMENT_ID_`) REFERENCES `act_re_deployment` (`ID_`),
  CONSTRAINT `ACT_FK_MODEL_SOURCE` FOREIGN KEY (`EDITOR_SOURCE_VALUE_ID_`) REFERENCES `act_ge_bytearray` (`ID_`),
  CONSTRAINT `ACT_FK_MODEL_SOURCE_EXTRA` FOREIGN KEY (`EDITOR_SOURCE_EXTRA_VALUE_ID_`) REFERENCES `act_ge_bytearray` (`ID_`)
) ENGINE=InnoDB DEFAULT CHARSET=utf8 COLLATE=utf8_bin;

-- ----------------------------
-- Records of act_re_model
-- ----------------------------
INSERT INTO `act_re_model` VALUES ('5001', '5', '请假流程', 'leave', null, '2020-08-21 16:01:52.083', '2020-08-21 16:05:40.889', '1', '{\"name\":\"请假流程\",\"revision\":1,\"description\":\"这是请假流程\"}', '5004', '5002', '5003', '');

-- ----------------------------
-- Table structure for act_re_procdef
-- ----------------------------
DROP TABLE IF EXISTS `act_re_procdef`;
CREATE TABLE `act_re_procdef` (
  `ID_` varchar(64) COLLATE utf8_bin NOT NULL,
  `REV_` int(11) DEFAULT NULL,
  `CATEGORY_` varchar(255) COLLATE utf8_bin DEFAULT NULL,
  `NAME_` varchar(255) COLLATE utf8_bin DEFAULT NULL,
  `KEY_` varchar(255) COLLATE utf8_bin NOT NULL,
  `VERSION_` int(11) NOT NULL,
  `DEPLOYMENT_ID_` varchar(64) COLLATE utf8_bin DEFAULT NULL,
  `RESOURCE_NAME_` varchar(4000) COLLATE utf8_bin DEFAULT NULL,
  `DGRM_RESOURCE_NAME_` varchar(4000) COLLATE utf8_bin DEFAULT NULL,
  `DESCRIPTION_` varchar(4000) COLLATE utf8_bin DEFAULT NULL,
  `HAS_START_FORM_KEY_` tinyint(4) DEFAULT NULL,
  `HAS_GRAPHICAL_NOTATION_` tinyint(4) DEFAULT NULL,
  `SUSPENSION_STATE_` int(11) DEFAULT NULL,
  `TENANT_ID_` varchar(255) COLLATE utf8_bin DEFAULT '',
  `ENGINE_VERSION_` varchar(255) COLLATE utf8_bin DEFAULT NULL,
  PRIMARY KEY (`ID_`),
  UNIQUE KEY `ACT_UNIQ_PROCDEF` (`KEY_`,`VERSION_`,`TENANT_ID_`)
) ENGINE=InnoDB DEFAULT CHARSET=utf8 COLLATE=utf8_bin;

-- ----------------------------
-- Records of act_re_procdef
-- ----------------------------
INSERT INTO `act_re_procdef` VALUES ('leave:1:5007', '1', 'http://www.activiti.org/processdef', '请假流程', 'leave', '1', '5004', 'leave.bpmn20.xml', 'leave.leave.png', null, '0', '1', '1', '', null);

-- ----------------------------
-- Table structure for act_ru_deadletter_job
-- ----------------------------
DROP TABLE IF EXISTS `act_ru_deadletter_job`;
CREATE TABLE `act_ru_deadletter_job` (
  `ID_` varchar(64) COLLATE utf8_bin NOT NULL,
  `REV_` int(11) DEFAULT NULL,
  `TYPE_` varchar(255) COLLATE utf8_bin NOT NULL,
  `EXCLUSIVE_` tinyint(1) DEFAULT NULL,
  `EXECUTION_ID_` varchar(64) COLLATE utf8_bin DEFAULT NULL,
  `PROCESS_INSTANCE_ID_` varchar(64) COLLATE utf8_bin DEFAULT NULL,
  `PROC_DEF_ID_` varchar(64) COLLATE utf8_bin DEFAULT NULL,
  `EXCEPTION_STACK_ID_` varchar(64) COLLATE utf8_bin DEFAULT NULL,
  `EXCEPTION_MSG_` varchar(4000) COLLATE utf8_bin DEFAULT NULL,
  `DUEDATE_` timestamp(3) NULL DEFAULT NULL,
  `REPEAT_` varchar(255) COLLATE utf8_bin DEFAULT NULL,
  `HANDLER_TYPE_` varchar(255) COLLATE utf8_bin DEFAULT NULL,
  `HANDLER_CFG_` varchar(4000) COLLATE utf8_bin DEFAULT NULL,
  `TENANT_ID_` varchar(255) COLLATE utf8_bin DEFAULT '',
  PRIMARY KEY (`ID_`),
  KEY `ACT_FK_DEADLETTER_JOB_EXECUTION` (`EXECUTION_ID_`),
  KEY `ACT_FK_DEADLETTER_JOB_PROCESS_INSTANCE` (`PROCESS_INSTANCE_ID_`),
  KEY `ACT_FK_DEADLETTER_JOB_PROC_DEF` (`PROC_DEF_ID_`),
  KEY `ACT_FK_DEADLETTER_JOB_EXCEPTION` (`EXCEPTION_STACK_ID_`),
  CONSTRAINT `ACT_FK_DEADLETTER_JOB_EXCEPTION` FOREIGN KEY (`EXCEPTION_STACK_ID_`) REFERENCES `act_ge_bytearray` (`ID_`),
  CONSTRAINT `ACT_FK_DEADLETTER_JOB_EXECUTION` FOREIGN KEY (`EXECUTION_ID_`) REFERENCES `act_ru_execution` (`ID_`),
  CONSTRAINT `ACT_FK_DEADLETTER_JOB_PROCESS_INSTANCE` FOREIGN KEY (`PROCESS_INSTANCE_ID_`) REFERENCES `act_ru_execution` (`ID_`),
  CONSTRAINT `ACT_FK_DEADLETTER_JOB_PROC_DEF` FOREIGN KEY (`PROC_DEF_ID_`) REFERENCES `act_re_procdef` (`ID_`)
) ENGINE=InnoDB DEFAULT CHARSET=utf8 COLLATE=utf8_bin;

-- ----------------------------
-- Records of act_ru_deadletter_job
-- ----------------------------

-- ----------------------------
-- Table structure for act_ru_event_subscr
-- ----------------------------
DROP TABLE IF EXISTS `act_ru_event_subscr`;
CREATE TABLE `act_ru_event_subscr` (
  `ID_` varchar(64) COLLATE utf8_bin NOT NULL,
  `REV_` int(11) DEFAULT NULL,
  `EVENT_TYPE_` varchar(255) COLLATE utf8_bin NOT NULL,
  `EVENT_NAME_` varchar(255) COLLATE utf8_bin DEFAULT NULL,
  `EXECUTION_ID_` varchar(64) COLLATE utf8_bin DEFAULT NULL,
  `PROC_INST_ID_` varchar(64) COLLATE utf8_bin DEFAULT NULL,
  `ACTIVITY_ID_` varchar(64) COLLATE utf8_bin DEFAULT NULL,
  `CONFIGURATION_` varchar(255) COLLATE utf8_bin DEFAULT NULL,
  `CREATED_` timestamp(3) NOT NULL DEFAULT CURRENT_TIMESTAMP(3),
  `PROC_DEF_ID_` varchar(64) COLLATE utf8_bin DEFAULT NULL,
  `TENANT_ID_` varchar(255) COLLATE utf8_bin DEFAULT '',
  PRIMARY KEY (`ID_`),
  KEY `ACT_IDX_EVENT_SUBSCR_CONFIG_` (`CONFIGURATION_`),
  KEY `ACT_FK_EVENT_EXEC` (`EXECUTION_ID_`),
  CONSTRAINT `ACT_FK_EVENT_EXEC` FOREIGN KEY (`EXECUTION_ID_`) REFERENCES `act_ru_execution` (`ID_`)
) ENGINE=InnoDB DEFAULT CHARSET=utf8 COLLATE=utf8_bin;

-- ----------------------------
-- Records of act_ru_event_subscr
-- ----------------------------

-- ----------------------------
-- Table structure for act_ru_execution
-- ----------------------------
DROP TABLE IF EXISTS `act_ru_execution`;
CREATE TABLE `act_ru_execution` (
  `ID_` varchar(64) COLLATE utf8_bin NOT NULL,
  `REV_` int(11) DEFAULT NULL,
  `PROC_INST_ID_` varchar(64) COLLATE utf8_bin DEFAULT NULL,
  `BUSINESS_KEY_` varchar(255) COLLATE utf8_bin DEFAULT NULL,
  `PARENT_ID_` varchar(64) COLLATE utf8_bin DEFAULT NULL,
  `PROC_DEF_ID_` varchar(64) COLLATE utf8_bin DEFAULT NULL,
  `SUPER_EXEC_` varchar(64) COLLATE utf8_bin DEFAULT NULL,
  `ROOT_PROC_INST_ID_` varchar(64) COLLATE utf8_bin DEFAULT NULL,
  `ACT_ID_` varchar(255) COLLATE utf8_bin DEFAULT NULL,
  `IS_ACTIVE_` tinyint(4) DEFAULT NULL,
  `IS_CONCURRENT_` tinyint(4) DEFAULT NULL,
  `IS_SCOPE_` tinyint(4) DEFAULT NULL,
  `IS_EVENT_SCOPE_` tinyint(4) DEFAULT NULL,
  `IS_MI_ROOT_` tinyint(4) DEFAULT NULL,
  `SUSPENSION_STATE_` int(11) DEFAULT NULL,
  `CACHED_ENT_STATE_` int(11) DEFAULT NULL,
  `TENANT_ID_` varchar(255) COLLATE utf8_bin DEFAULT '',
  `NAME_` varchar(255) COLLATE utf8_bin DEFAULT NULL,
  `START_TIME_` datetime(3) DEFAULT NULL,
  `START_USER_ID_` varchar(255) COLLATE utf8_bin DEFAULT NULL,
  `LOCK_TIME_` timestamp(3) NULL DEFAULT NULL,
  `IS_COUNT_ENABLED_` tinyint(4) DEFAULT NULL,
  `EVT_SUBSCR_COUNT_` int(11) DEFAULT NULL,
  `TASK_COUNT_` int(11) DEFAULT NULL,
  `JOB_COUNT_` int(11) DEFAULT NULL,
  `TIMER_JOB_COUNT_` int(11) DEFAULT NULL,
  `SUSP_JOB_COUNT_` int(11) DEFAULT NULL,
  `DEADLETTER_JOB_COUNT_` int(11) DEFAULT NULL,
  `VAR_COUNT_` int(11) DEFAULT NULL,
  `ID_LINK_COUNT_` int(11) DEFAULT NULL,
  PRIMARY KEY (`ID_`),
  KEY `ACT_IDX_EXEC_BUSKEY` (`BUSINESS_KEY_`),
  KEY `ACT_IDC_EXEC_ROOT` (`ROOT_PROC_INST_ID_`),
  KEY `ACT_FK_EXE_PROCINST` (`PROC_INST_ID_`),
  KEY `ACT_FK_EXE_PARENT` (`PARENT_ID_`),
  KEY `ACT_FK_EXE_SUPER` (`SUPER_EXEC_`),
  KEY `ACT_FK_EXE_PROCDEF` (`PROC_DEF_ID_`),
  CONSTRAINT `ACT_FK_EXE_PARENT` FOREIGN KEY (`PARENT_ID_`) REFERENCES `act_ru_execution` (`ID_`) ON DELETE CASCADE,
  CONSTRAINT `ACT_FK_EXE_PROCDEF` FOREIGN KEY (`PROC_DEF_ID_`) REFERENCES `act_re_procdef` (`ID_`),
  CONSTRAINT `ACT_FK_EXE_PROCINST` FOREIGN KEY (`PROC_INST_ID_`) REFERENCES `act_ru_execution` (`ID_`) ON DELETE CASCADE ON UPDATE CASCADE,
  CONSTRAINT `ACT_FK_EXE_SUPER` FOREIGN KEY (`SUPER_EXEC_`) REFERENCES `act_ru_execution` (`ID_`) ON DELETE CASCADE
) ENGINE=InnoDB DEFAULT CHARSET=utf8 COLLATE=utf8_bin;

-- ----------------------------
-- Records of act_ru_execution
-- ----------------------------
INSERT INTO `act_ru_execution` VALUES ('10001', '1', '10001', null, null, 'leave:1:5007', null, '10001', null, '1', '0', '1', '0', '0', '1', null, '', null, '2020-08-21 16:27:17.625', null, null, '0', '0', '0', '0', '0', '0', '0', '0', '0');
INSERT INTO `act_ru_execution` VALUES ('10004', '2', '10001', null, '10001', 'leave:1:5007', null, '10001', 'sid-1FA57FE2-A441-41C6-A9F0-5FA90FB74FAB', '1', '0', '0', '0', '0', '1', null, '', null, '2020-08-21 16:27:17.657', null, null, '0', '0', '0', '0', '0', '0', '0', '0', '0');
INSERT INTO `act_ru_execution` VALUES ('17501', '1', '17501', null, null, 'leave:1:5007', null, '17501', null, '1', '0', '1', '0', '0', '1', null, '', null, '2020-08-22 14:29:11.585', null, null, '0', '0', '0', '0', '0', '0', '0', '0', '0');
INSERT INTO `act_ru_execution` VALUES ('17504', '2', '17501', null, '17501', 'leave:1:5007', null, '17501', 'sid-1FA57FE2-A441-41C6-A9F0-5FA90FB74FAB', '1', '0', '0', '0', '0', '1', null, '', null, '2020-08-22 14:29:11.620', null, null, '0', '0', '0', '0', '0', '0', '0', '0', '0');
INSERT INTO `act_ru_execution` VALUES ('17524', '1', '17524', null, null, 'leave:1:5007', null, '17524', null, '1', '0', '1', '0', '0', '1', null, '', null, '2020-08-22 14:31:33.980', null, null, '0', '0', '0', '0', '0', '0', '0', '0', '0');
INSERT INTO `act_ru_execution` VALUES ('17527', '2', '17524', null, '17524', 'leave:1:5007', null, '17524', 'sid-1FA57FE2-A441-41C6-A9F0-5FA90FB74FAB', '1', '0', '0', '0', '0', '1', null, '', null, '2020-08-22 14:31:33.981', null, null, '0', '0', '0', '0', '0', '0', '0', '0', '0');
INSERT INTO `act_ru_execution` VALUES ('20001', '1', '20001', null, null, 'leave:1:5007', null, '20001', null, '1', '0', '1', '0', '0', '1', null, '', null, '2020-08-22 14:33:43.745', null, null, '0', '0', '0', '0', '0', '0', '0', '0', '0');
INSERT INTO `act_ru_execution` VALUES ('20004', '2', '20001', null, '20001', 'leave:1:5007', null, '20001', 'sid-1FA57FE2-A441-41C6-A9F0-5FA90FB74FAB', '1', '0', '0', '0', '0', '1', null, '', null, '2020-08-22 14:33:43.772', null, null, '0', '0', '0', '0', '0', '0', '0', '0', '0');
INSERT INTO `act_ru_execution` VALUES ('5008', '1', '5008', null, null, 'leave:1:5007', null, '5008', null, '1', '0', '1', '0', '0', '1', null, '', null, '2020-08-21 16:05:46.607', null, null, '0', '0', '0', '0', '0', '0', '0', '0', '0');
INSERT INTO `act_ru_execution` VALUES ('5011', '2', '5008', null, '5008', 'leave:1:5007', null, '5008', 'sid-1FA57FE2-A441-41C6-A9F0-5FA90FB74FAB', '1', '0', '0', '0', '0', '1', null, '', null, '2020-08-21 16:05:46.613', null, null, '0', '0', '0', '0', '0', '0', '0', '0', '0');
INSERT INTO `act_ru_execution` VALUES ('5031', '1', '5031', null, null, 'leave:1:5007', null, '5031', null, '1', '0', '1', '0', '0', '1', null, '', null, '2020-08-21 16:07:28.291', null, null, '0', '0', '0', '0', '0', '0', '0', '0', '0');
INSERT INTO `act_ru_execution` VALUES ('5034', '2', '5031', null, '5031', 'leave:1:5007', null, '5031', 'sid-1FA57FE2-A441-41C6-A9F0-5FA90FB74FAB', '1', '0', '0', '0', '0', '1', null, '', null, '2020-08-21 16:07:28.291', null, null, '0', '0', '0', '0', '0', '0', '0', '0', '0');
INSERT INTO `act_ru_execution` VALUES ('7525', '1', '7525', null, null, 'leave:1:5007', null, '7525', null, '1', '0', '1', '0', '0', '1', null, '', null, '2020-08-21 16:21:25.257', null, null, '0', '0', '0', '0', '0', '0', '0', '0', '0');
INSERT INTO `act_ru_execution` VALUES ('7528', '1', '7525', null, '7525', 'leave:1:5007', null, '7525', 'sid-C8ACFFC4-FE3A-4F25-B147-068C0BAC1FBC', '1', '0', '0', '0', '0', '1', null, '', null, '2020-08-21 16:21:25.258', null, null, '0', '0', '0', '0', '0', '0', '0', '0', '0');
INSERT INTO `act_ru_execution` VALUES ('7533', '1', '7533', null, null, 'leave:1:5007', null, '7533', null, '1', '0', '1', '0', '0', '1', null, '', null, '2020-08-21 16:21:56.498', null, null, '0', '0', '0', '0', '0', '0', '0', '0', '0');
INSERT INTO `act_ru_execution` VALUES ('7536', '2', '7533', null, '7533', 'leave:1:5007', null, '7533', 'sid-1FA57FE2-A441-41C6-A9F0-5FA90FB74FAB', '1', '0', '0', '0', '0', '1', null, '', null, '2020-08-21 16:21:56.498', null, null, '0', '0', '0', '0', '0', '0', '0', '0', '0');

-- ----------------------------
-- Table structure for act_ru_identitylink
-- ----------------------------
DROP TABLE IF EXISTS `act_ru_identitylink`;
CREATE TABLE `act_ru_identitylink` (
  `ID_` varchar(64) COLLATE utf8_bin NOT NULL,
  `REV_` int(11) DEFAULT NULL,
  `GROUP_ID_` varchar(255) COLLATE utf8_bin DEFAULT NULL,
  `TYPE_` varchar(255) COLLATE utf8_bin DEFAULT NULL,
  `USER_ID_` varchar(255) COLLATE utf8_bin DEFAULT NULL,
  `TASK_ID_` varchar(64) COLLATE utf8_bin DEFAULT NULL,
  `PROC_INST_ID_` varchar(64) COLLATE utf8_bin DEFAULT NULL,
  `PROC_DEF_ID_` varchar(64) COLLATE utf8_bin DEFAULT NULL,
  PRIMARY KEY (`ID_`),
  KEY `ACT_IDX_IDENT_LNK_USER` (`USER_ID_`),
  KEY `ACT_IDX_IDENT_LNK_GROUP` (`GROUP_ID_`),
  KEY `ACT_IDX_ATHRZ_PROCEDEF` (`PROC_DEF_ID_`),
  KEY `ACT_FK_TSKASS_TASK` (`TASK_ID_`),
  KEY `ACT_FK_IDL_PROCINST` (`PROC_INST_ID_`),
  CONSTRAINT `ACT_FK_ATHRZ_PROCEDEF` FOREIGN KEY (`PROC_DEF_ID_`) REFERENCES `act_re_procdef` (`ID_`),
  CONSTRAINT `ACT_FK_IDL_PROCINST` FOREIGN KEY (`PROC_INST_ID_`) REFERENCES `act_ru_execution` (`ID_`),
  CONSTRAINT `ACT_FK_TSKASS_TASK` FOREIGN KEY (`TASK_ID_`) REFERENCES `act_ru_task` (`ID_`)
) ENGINE=InnoDB DEFAULT CHARSET=utf8 COLLATE=utf8_bin;

-- ----------------------------
-- Records of act_ru_identitylink
-- ----------------------------
INSERT INTO `act_ru_identitylink` VALUES ('10008', '1', null, 'participant', '1', null, '10001', null);
INSERT INTO `act_ru_identitylink` VALUES ('10023', '1', null, 'participant', '2', null, '10001', null);
INSERT INTO `act_ru_identitylink` VALUES ('17508', '1', null, 'participant', '1', null, '17501', null);
INSERT INTO `act_ru_identitylink` VALUES ('17523', '1', null, 'participant', '2', null, '17501', null);
INSERT INTO `act_ru_identitylink` VALUES ('17531', '1', null, 'participant', '1', null, '17524', null);
INSERT INTO `act_ru_identitylink` VALUES ('17546', '1', null, 'participant', '2', null, '17524', null);
INSERT INTO `act_ru_identitylink` VALUES ('20008', '1', null, 'participant', '1', null, '20001', null);
INSERT INTO `act_ru_identitylink` VALUES ('20023', '1', null, 'participant', '2', null, '20001', null);
INSERT INTO `act_ru_identitylink` VALUES ('5015', '1', null, 'participant', '1', null, '5008', null);
INSERT INTO `act_ru_identitylink` VALUES ('5030', '1', null, 'participant', '2', null, '5008', null);
INSERT INTO `act_ru_identitylink` VALUES ('5038', '1', null, 'participant', '1', null, '5031', null);
INSERT INTO `act_ru_identitylink` VALUES ('5053', '1', null, 'participant', '2', null, '5031', null);
INSERT INTO `act_ru_identitylink` VALUES ('7532', '1', null, 'participant', '1', null, '7525', null);
INSERT INTO `act_ru_identitylink` VALUES ('7540', '1', null, 'participant', '1', null, '7533', null);
INSERT INTO `act_ru_identitylink` VALUES ('7555', '1', null, 'participant', '2', null, '7533', null);

-- ----------------------------
-- Table structure for act_ru_job
-- ----------------------------
DROP TABLE IF EXISTS `act_ru_job`;
CREATE TABLE `act_ru_job` (
  `ID_` varchar(64) COLLATE utf8_bin NOT NULL,
  `REV_` int(11) DEFAULT NULL,
  `TYPE_` varchar(255) COLLATE utf8_bin NOT NULL,
  `LOCK_EXP_TIME_` timestamp(3) NULL DEFAULT NULL,
  `LOCK_OWNER_` varchar(255) COLLATE utf8_bin DEFAULT NULL,
  `EXCLUSIVE_` tinyint(1) DEFAULT NULL,
  `EXECUTION_ID_` varchar(64) COLLATE utf8_bin DEFAULT NULL,
  `PROCESS_INSTANCE_ID_` varchar(64) COLLATE utf8_bin DEFAULT NULL,
  `PROC_DEF_ID_` varchar(64) COLLATE utf8_bin DEFAULT NULL,
  `RETRIES_` int(11) DEFAULT NULL,
  `EXCEPTION_STACK_ID_` varchar(64) COLLATE utf8_bin DEFAULT NULL,
  `EXCEPTION_MSG_` varchar(4000) COLLATE utf8_bin DEFAULT NULL,
  `DUEDATE_` timestamp(3) NULL DEFAULT NULL,
  `REPEAT_` varchar(255) COLLATE utf8_bin DEFAULT NULL,
  `HANDLER_TYPE_` varchar(255) COLLATE utf8_bin DEFAULT NULL,
  `HANDLER_CFG_` varchar(4000) COLLATE utf8_bin DEFAULT NULL,
  `TENANT_ID_` varchar(255) COLLATE utf8_bin DEFAULT '',
  PRIMARY KEY (`ID_`),
  KEY `ACT_FK_JOB_EXECUTION` (`EXECUTION_ID_`),
  KEY `ACT_FK_JOB_PROCESS_INSTANCE` (`PROCESS_INSTANCE_ID_`),
  KEY `ACT_FK_JOB_PROC_DEF` (`PROC_DEF_ID_`),
  KEY `ACT_FK_JOB_EXCEPTION` (`EXCEPTION_STACK_ID_`),
  CONSTRAINT `ACT_FK_JOB_EXCEPTION` FOREIGN KEY (`EXCEPTION_STACK_ID_`) REFERENCES `act_ge_bytearray` (`ID_`),
  CONSTRAINT `ACT_FK_JOB_EXECUTION` FOREIGN KEY (`EXECUTION_ID_`) REFERENCES `act_ru_execution` (`ID_`),
  CONSTRAINT `ACT_FK_JOB_PROCESS_INSTANCE` FOREIGN KEY (`PROCESS_INSTANCE_ID_`) REFERENCES `act_ru_execution` (`ID_`),
  CONSTRAINT `ACT_FK_JOB_PROC_DEF` FOREIGN KEY (`PROC_DEF_ID_`) REFERENCES `act_re_procdef` (`ID_`)
) ENGINE=InnoDB DEFAULT CHARSET=utf8 COLLATE=utf8_bin;

-- ----------------------------
-- Records of act_ru_job
-- ----------------------------

-- ----------------------------
-- Table structure for act_ru_suspended_job
-- ----------------------------
DROP TABLE IF EXISTS `act_ru_suspended_job`;
CREATE TABLE `act_ru_suspended_job` (
  `ID_` varchar(64) COLLATE utf8_bin NOT NULL,
  `REV_` int(11) DEFAULT NULL,
  `TYPE_` varchar(255) COLLATE utf8_bin NOT NULL,
  `EXCLUSIVE_` tinyint(1) DEFAULT NULL,
  `EXECUTION_ID_` varchar(64) COLLATE utf8_bin DEFAULT NULL,
  `PROCESS_INSTANCE_ID_` varchar(64) COLLATE utf8_bin DEFAULT NULL,
  `PROC_DEF_ID_` varchar(64) COLLATE utf8_bin DEFAULT NULL,
  `RETRIES_` int(11) DEFAULT NULL,
  `EXCEPTION_STACK_ID_` varchar(64) COLLATE utf8_bin DEFAULT NULL,
  `EXCEPTION_MSG_` varchar(4000) COLLATE utf8_bin DEFAULT NULL,
  `DUEDATE_` timestamp(3) NULL DEFAULT NULL,
  `REPEAT_` varchar(255) COLLATE utf8_bin DEFAULT NULL,
  `HANDLER_TYPE_` varchar(255) COLLATE utf8_bin DEFAULT NULL,
  `HANDLER_CFG_` varchar(4000) COLLATE utf8_bin DEFAULT NULL,
  `TENANT_ID_` varchar(255) COLLATE utf8_bin DEFAULT '',
  PRIMARY KEY (`ID_`),
  KEY `ACT_FK_SUSPENDED_JOB_EXECUTION` (`EXECUTION_ID_`),
  KEY `ACT_FK_SUSPENDED_JOB_PROCESS_INSTANCE` (`PROCESS_INSTANCE_ID_`),
  KEY `ACT_FK_SUSPENDED_JOB_PROC_DEF` (`PROC_DEF_ID_`),
  KEY `ACT_FK_SUSPENDED_JOB_EXCEPTION` (`EXCEPTION_STACK_ID_`),
  CONSTRAINT `ACT_FK_SUSPENDED_JOB_EXCEPTION` FOREIGN KEY (`EXCEPTION_STACK_ID_`) REFERENCES `act_ge_bytearray` (`ID_`),
  CONSTRAINT `ACT_FK_SUSPENDED_JOB_EXECUTION` FOREIGN KEY (`EXECUTION_ID_`) REFERENCES `act_ru_execution` (`ID_`),
  CONSTRAINT `ACT_FK_SUSPENDED_JOB_PROCESS_INSTANCE` FOREIGN KEY (`PROCESS_INSTANCE_ID_`) REFERENCES `act_ru_execution` (`ID_`),
  CONSTRAINT `ACT_FK_SUSPENDED_JOB_PROC_DEF` FOREIGN KEY (`PROC_DEF_ID_`) REFERENCES `act_re_procdef` (`ID_`)
) ENGINE=InnoDB DEFAULT CHARSET=utf8 COLLATE=utf8_bin;

-- ----------------------------
-- Records of act_ru_suspended_job
-- ----------------------------

-- ----------------------------
-- Table structure for act_ru_task
-- ----------------------------
DROP TABLE IF EXISTS `act_ru_task`;
CREATE TABLE `act_ru_task` (
  `ID_` varchar(64) COLLATE utf8_bin NOT NULL,
  `REV_` int(11) DEFAULT NULL,
  `EXECUTION_ID_` varchar(64) COLLATE utf8_bin DEFAULT NULL,
  `PROC_INST_ID_` varchar(64) COLLATE utf8_bin DEFAULT NULL,
  `PROC_DEF_ID_` varchar(64) COLLATE utf8_bin DEFAULT NULL,
  `NAME_` varchar(255) COLLATE utf8_bin DEFAULT NULL,
  `PARENT_TASK_ID_` varchar(64) COLLATE utf8_bin DEFAULT NULL,
  `DESCRIPTION_` varchar(4000) COLLATE utf8_bin DEFAULT NULL,
  `TASK_DEF_KEY_` varchar(255) COLLATE utf8_bin DEFAULT NULL,
  `OWNER_` varchar(255) COLLATE utf8_bin DEFAULT NULL,
  `ASSIGNEE_` varchar(255) COLLATE utf8_bin DEFAULT NULL,
  `DELEGATION_` varchar(64) COLLATE utf8_bin DEFAULT NULL,
  `PRIORITY_` int(11) DEFAULT NULL,
  `CREATE_TIME_` timestamp(3) NULL DEFAULT NULL,
  `DUE_DATE_` datetime(3) DEFAULT NULL,
  `CATEGORY_` varchar(255) COLLATE utf8_bin DEFAULT NULL,
  `SUSPENSION_STATE_` int(11) DEFAULT NULL,
  `TENANT_ID_` varchar(255) COLLATE utf8_bin DEFAULT '',
  `FORM_KEY_` varchar(255) COLLATE utf8_bin DEFAULT NULL,
  `CLAIM_TIME_` datetime(3) DEFAULT NULL,
  PRIMARY KEY (`ID_`),
  KEY `ACT_IDX_TASK_CREATE` (`CREATE_TIME_`),
  KEY `ACT_FK_TASK_EXE` (`EXECUTION_ID_`),
  KEY `ACT_FK_TASK_PROCINST` (`PROC_INST_ID_`),
  KEY `ACT_FK_TASK_PROCDEF` (`PROC_DEF_ID_`),
  CONSTRAINT `ACT_FK_TASK_EXE` FOREIGN KEY (`EXECUTION_ID_`) REFERENCES `act_ru_execution` (`ID_`),
  CONSTRAINT `ACT_FK_TASK_PROCDEF` FOREIGN KEY (`PROC_DEF_ID_`) REFERENCES `act_re_procdef` (`ID_`),
  CONSTRAINT `ACT_FK_TASK_PROCINST` FOREIGN KEY (`PROC_INST_ID_`) REFERENCES `act_ru_execution` (`ID_`)
) ENGINE=InnoDB DEFAULT CHARSET=utf8 COLLATE=utf8_bin;

-- ----------------------------
-- Records of act_ru_task
-- ----------------------------
INSERT INTO `act_ru_task` VALUES ('10022', '1', '10004', '10001', 'leave:1:5007', '领导审批', null, null, 'sid-1FA57FE2-A441-41C6-A9F0-5FA90FB74FAB', null, '2', null, '50', '2020-08-21 16:27:35.148', null, null, '1', '', null, null);
INSERT INTO `act_ru_task` VALUES ('17522', '1', '17504', '17501', 'leave:1:5007', '领导审批', null, null, 'sid-1FA57FE2-A441-41C6-A9F0-5FA90FB74FAB', null, '2', null, '50', '2020-08-22 14:29:11.938', null, null, '1', '', null, null);
INSERT INTO `act_ru_task` VALUES ('17545', '1', '17527', '17524', 'leave:1:5007', '领导审批', null, null, 'sid-1FA57FE2-A441-41C6-A9F0-5FA90FB74FAB', null, '2', null, '50', '2020-08-22 14:31:34.077', null, null, '1', '', null, null);
INSERT INTO `act_ru_task` VALUES ('20022', '1', '20004', '20001', 'leave:1:5007', '领导审批', null, null, 'sid-1FA57FE2-A441-41C6-A9F0-5FA90FB74FAB', null, '2', null, '50', '2020-08-22 14:33:44.038', null, null, '1', '', null, null);
INSERT INTO `act_ru_task` VALUES ('5029', '1', '5011', '5008', 'leave:1:5007', '领导审批', null, null, 'sid-1FA57FE2-A441-41C6-A9F0-5FA90FB74FAB', null, '2', null, '50', '2020-08-21 16:06:23.438', null, null, '1', '', null, null);
INSERT INTO `act_ru_task` VALUES ('5052', '1', '5034', '5031', 'leave:1:5007', '领导审批', null, null, 'sid-1FA57FE2-A441-41C6-A9F0-5FA90FB74FAB', null, '2', null, '50', '2020-08-21 16:08:39.593', null, null, '1', '', null, null);
INSERT INTO `act_ru_task` VALUES ('7531', '1', '7528', '7525', 'leave:1:5007', '发起申请', null, null, 'sid-C8ACFFC4-FE3A-4F25-B147-068C0BAC1FBC', null, '1', null, '50', '2020-08-21 16:21:25.258', null, null, '1', '', null, null);
INSERT INTO `act_ru_task` VALUES ('7554', '1', '7536', '7533', 'leave:1:5007', '领导审批', null, null, 'sid-1FA57FE2-A441-41C6-A9F0-5FA90FB74FAB', null, '2', null, '50', '2020-08-21 16:22:26.863', null, null, '1', '', null, null);

-- ----------------------------
-- Table structure for act_ru_timer_job
-- ----------------------------
DROP TABLE IF EXISTS `act_ru_timer_job`;
CREATE TABLE `act_ru_timer_job` (
  `ID_` varchar(64) COLLATE utf8_bin NOT NULL,
  `REV_` int(11) DEFAULT NULL,
  `TYPE_` varchar(255) COLLATE utf8_bin NOT NULL,
  `LOCK_EXP_TIME_` timestamp(3) NULL DEFAULT NULL,
  `LOCK_OWNER_` varchar(255) COLLATE utf8_bin DEFAULT NULL,
  `EXCLUSIVE_` tinyint(1) DEFAULT NULL,
  `EXECUTION_ID_` varchar(64) COLLATE utf8_bin DEFAULT NULL,
  `PROCESS_INSTANCE_ID_` varchar(64) COLLATE utf8_bin DEFAULT NULL,
  `PROC_DEF_ID_` varchar(64) COLLATE utf8_bin DEFAULT NULL,
  `RETRIES_` int(11) DEFAULT NULL,
  `EXCEPTION_STACK_ID_` varchar(64) COLLATE utf8_bin DEFAULT NULL,
  `EXCEPTION_MSG_` varchar(4000) COLLATE utf8_bin DEFAULT NULL,
  `DUEDATE_` timestamp(3) NULL DEFAULT NULL,
  `REPEAT_` varchar(255) COLLATE utf8_bin DEFAULT NULL,
  `HANDLER_TYPE_` varchar(255) COLLATE utf8_bin DEFAULT NULL,
  `HANDLER_CFG_` varchar(4000) COLLATE utf8_bin DEFAULT NULL,
  `TENANT_ID_` varchar(255) COLLATE utf8_bin DEFAULT '',
  PRIMARY KEY (`ID_`),
  KEY `ACT_FK_TIMER_JOB_EXECUTION` (`EXECUTION_ID_`),
  KEY `ACT_FK_TIMER_JOB_PROCESS_INSTANCE` (`PROCESS_INSTANCE_ID_`),
  KEY `ACT_FK_TIMER_JOB_PROC_DEF` (`PROC_DEF_ID_`),
  KEY `ACT_FK_TIMER_JOB_EXCEPTION` (`EXCEPTION_STACK_ID_`),
  CONSTRAINT `ACT_FK_TIMER_JOB_EXCEPTION` FOREIGN KEY (`EXCEPTION_STACK_ID_`) REFERENCES `act_ge_bytearray` (`ID_`),
  CONSTRAINT `ACT_FK_TIMER_JOB_EXECUTION` FOREIGN KEY (`EXECUTION_ID_`) REFERENCES `act_ru_execution` (`ID_`),
  CONSTRAINT `ACT_FK_TIMER_JOB_PROCESS_INSTANCE` FOREIGN KEY (`PROCESS_INSTANCE_ID_`) REFERENCES `act_ru_execution` (`ID_`),
  CONSTRAINT `ACT_FK_TIMER_JOB_PROC_DEF` FOREIGN KEY (`PROC_DEF_ID_`) REFERENCES `act_re_procdef` (`ID_`)
) ENGINE=InnoDB DEFAULT CHARSET=utf8 COLLATE=utf8_bin;

-- ----------------------------
-- Records of act_ru_timer_job
-- ----------------------------

-- ----------------------------
-- Table structure for act_ru_variable
-- ----------------------------
DROP TABLE IF EXISTS `act_ru_variable`;
CREATE TABLE `act_ru_variable` (
  `ID_` varchar(64) COLLATE utf8_bin NOT NULL,
  `REV_` int(11) DEFAULT NULL,
  `TYPE_` varchar(255) COLLATE utf8_bin NOT NULL,
  `NAME_` varchar(255) COLLATE utf8_bin NOT NULL,
  `EXECUTION_ID_` varchar(64) COLLATE utf8_bin DEFAULT NULL,
  `PROC_INST_ID_` varchar(64) COLLATE utf8_bin DEFAULT NULL,
  `TASK_ID_` varchar(64) COLLATE utf8_bin DEFAULT NULL,
  `BYTEARRAY_ID_` varchar(64) COLLATE utf8_bin DEFAULT NULL,
  `DOUBLE_` double DEFAULT NULL,
  `LONG_` bigint(20) DEFAULT NULL,
  `TEXT_` varchar(4000) COLLATE utf8_bin DEFAULT NULL,
  `TEXT2_` varchar(4000) COLLATE utf8_bin DEFAULT NULL,
  PRIMARY KEY (`ID_`),
  KEY `ACT_IDX_VARIABLE_TASK_ID` (`TASK_ID_`),
  KEY `ACT_FK_VAR_EXE` (`EXECUTION_ID_`),
  KEY `ACT_FK_VAR_PROCINST` (`PROC_INST_ID_`),
  KEY `ACT_FK_VAR_BYTEARRAY` (`BYTEARRAY_ID_`),
  CONSTRAINT `ACT_FK_VAR_BYTEARRAY` FOREIGN KEY (`BYTEARRAY_ID_`) REFERENCES `act_ge_bytearray` (`ID_`),
  CONSTRAINT `ACT_FK_VAR_EXE` FOREIGN KEY (`EXECUTION_ID_`) REFERENCES `act_ru_execution` (`ID_`),
  CONSTRAINT `ACT_FK_VAR_PROCINST` FOREIGN KEY (`PROC_INST_ID_`) REFERENCES `act_ru_execution` (`ID_`)
) ENGINE=InnoDB DEFAULT CHARSET=utf8 COLLATE=utf8_bin;

-- ----------------------------
-- Records of act_ru_variable
-- ----------------------------
INSERT INTO `act_ru_variable` VALUES ('10002', '1', 'null', '1', '10001', '10001', null, null, null, null, null, null);
INSERT INTO `act_ru_variable` VALUES ('10003', '1', 'long', 'applyUserId', '10001', '10001', null, null, null, '1', '1', null);
INSERT INTO `act_ru_variable` VALUES ('10009', '1', 'null', 'approveStatus', '10001', '10001', null, null, null, null, null, null);
INSERT INTO `act_ru_variable` VALUES ('10010', '1', 'string', 'reason', '10001', '10001', null, null, null, null, '玩玩', null);
INSERT INTO `act_ru_variable` VALUES ('10011', '1', 'null', 'rejectReason', '10001', '10001', null, null, null, null, null, null);
INSERT INTO `act_ru_variable` VALUES ('10012', '1', 'integer', 'leaveType', '10001', '10001', null, null, null, '0', '0', null);
INSERT INTO `act_ru_variable` VALUES ('10013', '1', 'string', 'processId', '10001', '10001', null, null, null, null, '10001', null);
INSERT INTO `act_ru_variable` VALUES ('10014', '1', 'integer', 'totalHours', '10001', '10001', null, null, null, '2', '2', null);
INSERT INTO `act_ru_variable` VALUES ('10015', '1', 'long', 'approverId', '10001', '10001', null, null, null, '2', '2', null);
INSERT INTO `act_ru_variable` VALUES ('10016', '1', 'integer', 'leaveCode', '10001', '10001', null, null, null, '70001', '70001', null);
INSERT INTO `act_ru_variable` VALUES ('10017', '1', 'date', 'startTime', '10001', '10001', null, null, null, '1597998122000', null, null);
INSERT INTO `act_ru_variable` VALUES ('10018', '1', 'date', 'endTime', '10001', '10001', null, null, null, '1598005324000', null, null);
INSERT INTO `act_ru_variable` VALUES ('10019', '1', 'null', 'id', '10001', '10001', null, null, null, null, null, null);
INSERT INTO `act_ru_variable` VALUES ('10020', '1', 'long', 'ownerId', '10001', '10001', null, null, null, '1', '1', null);
INSERT INTO `act_ru_variable` VALUES ('17502', '1', 'null', '1', '17501', '17501', null, null, null, null, null, null);
INSERT INTO `act_ru_variable` VALUES ('17503', '1', 'long', 'applyUserId', '17501', '17501', null, null, null, '1', '1', null);
INSERT INTO `act_ru_variable` VALUES ('17509', '1', 'null', 'approveStatus', '17501', '17501', null, null, null, null, null, null);
INSERT INTO `act_ru_variable` VALUES ('17510', '1', 'string', 'reason', '17501', '17501', null, null, null, null, '你猜猜', null);
INSERT INTO `act_ru_variable` VALUES ('17511', '1', 'null', 'rejectReason', '17501', '17501', null, null, null, null, null, null);
INSERT INTO `act_ru_variable` VALUES ('17512', '1', 'integer', 'leaveType', '17501', '17501', null, null, null, '0', '0', null);
INSERT INTO `act_ru_variable` VALUES ('17513', '1', 'null', 'processId', '17501', '17501', null, null, null, null, null, null);
INSERT INTO `act_ru_variable` VALUES ('17514', '1', 'integer', 'totalHours', '17501', '17501', null, null, null, '12', '12', null);
INSERT INTO `act_ru_variable` VALUES ('17515', '1', 'long', 'approverId', '17501', '17501', null, null, null, '2', '2', null);
INSERT INTO `act_ru_variable` VALUES ('17516', '1', 'null', 'leaveCode', '17501', '17501', null, null, null, null, null, null);
INSERT INTO `act_ru_variable` VALUES ('17517', '1', 'date', 'startTime', '17501', '17501', null, null, null, '1598077741000', null, null);
INSERT INTO `act_ru_variable` VALUES ('17518', '1', 'date', 'endTime', '17501', '17501', null, null, null, '1598077743000', null, null);
INSERT INTO `act_ru_variable` VALUES ('17519', '1', 'null', 'id', '17501', '17501', null, null, null, null, null, null);
INSERT INTO `act_ru_variable` VALUES ('17520', '1', 'long', 'ownerId', '17501', '17501', null, null, null, '1', '1', null);
INSERT INTO `act_ru_variable` VALUES ('17525', '1', 'null', '1', '17524', '17524', null, null, null, null, null, null);
INSERT INTO `act_ru_variable` VALUES ('17526', '1', 'long', 'applyUserId', '17524', '17524', null, null, null, '1', '1', null);
INSERT INTO `act_ru_variable` VALUES ('17532', '1', 'null', 'approveStatus', '17524', '17524', null, null, null, null, null, null);
INSERT INTO `act_ru_variable` VALUES ('17533', '1', 'string', 'reason', '17524', '17524', null, null, null, null, '你猜猜', null);
INSERT INTO `act_ru_variable` VALUES ('17534', '1', 'null', 'rejectReason', '17524', '17524', null, null, null, null, null, null);
INSERT INTO `act_ru_variable` VALUES ('17535', '1', 'integer', 'leaveType', '17524', '17524', null, null, null, '0', '0', null);
INSERT INTO `act_ru_variable` VALUES ('17536', '1', 'null', 'processId', '17524', '17524', null, null, null, null, null, null);
INSERT INTO `act_ru_variable` VALUES ('17537', '1', 'integer', 'totalHours', '17524', '17524', null, null, null, '1', '1', null);
INSERT INTO `act_ru_variable` VALUES ('17538', '1', 'long', 'approverId', '17524', '17524', null, null, null, '2', '2', null);
INSERT INTO `act_ru_variable` VALUES ('17539', '1', 'integer', 'leaveCode', '17524', '17524', null, null, null, '70002', '70002', null);
INSERT INTO `act_ru_variable` VALUES ('17540', '1', 'date', 'startTime', '17524', '17524', null, null, null, '1598077884000', null, null);
INSERT INTO `act_ru_variable` VALUES ('17541', '1', 'date', 'endTime', '17524', '17524', null, null, null, '1598077886000', null, null);
INSERT INTO `act_ru_variable` VALUES ('17542', '1', 'null', 'id', '17524', '17524', null, null, null, null, null, null);
INSERT INTO `act_ru_variable` VALUES ('17543', '1', 'long', 'ownerId', '17524', '17524', null, null, null, '1', '1', null);
INSERT INTO `act_ru_variable` VALUES ('20002', '1', 'null', '1', '20001', '20001', null, null, null, null, null, null);
INSERT INTO `act_ru_variable` VALUES ('20003', '1', 'long', 'applyUserId', '20001', '20001', null, null, null, '1', '1', null);
INSERT INTO `act_ru_variable` VALUES ('20009', '1', 'null', 'approveStatus', '20001', '20001', null, null, null, null, null, null);
INSERT INTO `act_ru_variable` VALUES ('20010', '1', 'string', 'reason', '20001', '20001', null, null, null, null, '你猜猜', null);
INSERT INTO `act_ru_variable` VALUES ('20011', '1', 'null', 'rejectReason', '20001', '20001', null, null, null, null, null, null);
INSERT INTO `act_ru_variable` VALUES ('20012', '1', 'integer', 'leaveType', '20001', '20001', null, null, null, '0', '0', null);
INSERT INTO `act_ru_variable` VALUES ('20013', '1', 'null', 'processId', '20001', '20001', null, null, null, null, null, null);
INSERT INTO `act_ru_variable` VALUES ('20014', '1', 'integer', 'totalHours', '20001', '20001', null, null, null, '12', '12', null);
INSERT INTO `act_ru_variable` VALUES ('20015', '1', 'long', 'approverId', '20001', '20001', null, null, null, '2', '2', null);
INSERT INTO `act_ru_variable` VALUES ('20016', '1', 'integer', 'leaveCode', '20001', '20001', null, null, null, '70002', '70002', null);
INSERT INTO `act_ru_variable` VALUES ('20017', '1', 'date', 'startTime', '20001', '20001', null, null, null, '1598078014000', null, null);
INSERT INTO `act_ru_variable` VALUES ('20018', '1', 'date', 'endTime', '20001', '20001', null, null, null, '1598078016000', null, null);
INSERT INTO `act_ru_variable` VALUES ('20019', '1', 'null', 'id', '20001', '20001', null, null, null, null, null, null);
INSERT INTO `act_ru_variable` VALUES ('20020', '1', 'long', 'ownerId', '20001', '20001', null, null, null, '1', '1', null);
INSERT INTO `act_ru_variable` VALUES ('5009', '1', 'null', '1', '5008', '5008', null, null, null, null, null, null);
INSERT INTO `act_ru_variable` VALUES ('5010', '1', 'long', 'applyUserId', '5008', '5008', null, null, null, '1', '1', null);
INSERT INTO `act_ru_variable` VALUES ('5016', '1', 'null', 'approveStatus', '5008', '5008', null, null, null, null, null, null);
INSERT INTO `act_ru_variable` VALUES ('5017', '1', 'string', 'reason', '5008', '5008', null, null, null, null, '请假玩玩', null);
INSERT INTO `act_ru_variable` VALUES ('5018', '1', 'null', 'rejectReason', '5008', '5008', null, null, null, null, null, null);
INSERT INTO `act_ru_variable` VALUES ('5019', '1', 'integer', 'leaveType', '5008', '5008', null, null, null, '0', '0', null);
INSERT INTO `act_ru_variable` VALUES ('5020', '1', 'string', 'processId', '5008', '5008', null, null, null, null, '5008', null);
INSERT INTO `act_ru_variable` VALUES ('5021', '1', 'integer', 'totalHours', '5008', '5008', null, null, null, '12', '12', null);
INSERT INTO `act_ru_variable` VALUES ('5022', '1', 'long', 'approverId', '5008', '5008', null, null, null, '2', '2', null);
INSERT INTO `act_ru_variable` VALUES ('5023', '1', 'integer', 'leaveCode', '5008', '5008', null, null, null, '70001', '70001', null);
INSERT INTO `act_ru_variable` VALUES ('5024', '1', 'null', 'startTime', '5008', '5008', null, null, null, null, null, null);
INSERT INTO `act_ru_variable` VALUES ('5025', '1', 'date', 'endTime', '5008', '5008', null, null, null, '1598015163000', null, null);
INSERT INTO `act_ru_variable` VALUES ('5026', '1', 'null', 'id', '5008', '5008', null, null, null, null, null, null);
INSERT INTO `act_ru_variable` VALUES ('5027', '1', 'long', 'ownerId', '5008', '5008', null, null, null, '1', '1', null);
INSERT INTO `act_ru_variable` VALUES ('5032', '1', 'null', '1', '5031', '5031', null, null, null, null, null, null);
INSERT INTO `act_ru_variable` VALUES ('5033', '1', 'long', 'applyUserId', '5031', '5031', null, null, null, '1', '1', null);
INSERT INTO `act_ru_variable` VALUES ('5039', '1', 'null', 'approveStatus', '5031', '5031', null, null, null, null, null, null);
INSERT INTO `act_ru_variable` VALUES ('5040', '1', 'string', 'reason', '5031', '5031', null, null, null, null, '请假玩玩', null);
INSERT INTO `act_ru_variable` VALUES ('5041', '1', 'null', 'rejectReason', '5031', '5031', null, null, null, null, null, null);
INSERT INTO `act_ru_variable` VALUES ('5042', '1', 'integer', 'leaveType', '5031', '5031', null, null, null, '0', '0', null);
INSERT INTO `act_ru_variable` VALUES ('5043', '1', 'string', 'processId', '5031', '5031', null, null, null, null, '5031', null);
INSERT INTO `act_ru_variable` VALUES ('5044', '1', 'integer', 'totalHours', '5031', '5031', null, null, null, '12', '12', null);
INSERT INTO `act_ru_variable` VALUES ('5045', '1', 'long', 'approverId', '5031', '5031', null, null, null, '2', '2', null);
INSERT INTO `act_ru_variable` VALUES ('5046', '1', 'integer', 'leaveCode', '5031', '5031', null, null, null, '70001', '70001', null);
INSERT INTO `act_ru_variable` VALUES ('5047', '1', 'null', 'startTime', '5031', '5031', null, null, null, null, null, null);
INSERT INTO `act_ru_variable` VALUES ('5048', '1', 'date', 'endTime', '5031', '5031', null, null, null, '1598015163000', null, null);
INSERT INTO `act_ru_variable` VALUES ('5049', '1', 'null', 'id', '5031', '5031', null, null, null, null, null, null);
INSERT INTO `act_ru_variable` VALUES ('5050', '1', 'long', 'ownerId', '5031', '5031', null, null, null, '1', '1', null);
INSERT INTO `act_ru_variable` VALUES ('7526', '1', 'null', '1', '7525', '7525', null, null, null, null, null, null);
INSERT INTO `act_ru_variable` VALUES ('7527', '1', 'long', 'applyUserId', '7525', '7525', null, null, null, '1', '1', null);
INSERT INTO `act_ru_variable` VALUES ('7534', '1', 'null', '1', '7533', '7533', null, null, null, null, null, null);
INSERT INTO `act_ru_variable` VALUES ('7535', '1', 'long', 'applyUserId', '7533', '7533', null, null, null, '1', '1', null);
INSERT INTO `act_ru_variable` VALUES ('7541', '1', 'null', 'approveStatus', '7533', '7533', null, null, null, null, null, null);
INSERT INTO `act_ru_variable` VALUES ('7542', '1', 'string', 'reason', '7533', '7533', null, null, null, null, '玩玩', null);
INSERT INTO `act_ru_variable` VALUES ('7543', '1', 'null', 'rejectReason', '7533', '7533', null, null, null, null, null, null);
INSERT INTO `act_ru_variable` VALUES ('7544', '1', 'integer', 'leaveType', '7533', '7533', null, null, null, '0', '0', null);
INSERT INTO `act_ru_variable` VALUES ('7545', '1', 'string', 'processId', '7533', '7533', null, null, null, null, '7533', null);
INSERT INTO `act_ru_variable` VALUES ('7546', '1', 'integer', 'totalHours', '7533', '7533', null, null, null, '2', '2', null);
INSERT INTO `act_ru_variable` VALUES ('7547', '1', 'long', 'approverId', '7533', '7533', null, null, null, '2', '2', null);
INSERT INTO `act_ru_variable` VALUES ('7548', '1', 'integer', 'leaveCode', '7533', '7533', null, null, null, '70001', '70001', null);
INSERT INTO `act_ru_variable` VALUES ('7549', '1', 'date', 'startTime', '7533', '7533', null, null, null, '1597998122000', null, null);
INSERT INTO `act_ru_variable` VALUES ('7550', '1', 'date', 'endTime', '7533', '7533', null, null, null, '1598005324000', null, null);
INSERT INTO `act_ru_variable` VALUES ('7551', '1', 'null', 'id', '7533', '7533', null, null, null, null, null, null);
INSERT INTO `act_ru_variable` VALUES ('7552', '1', 'long', 'ownerId', '7533', '7533', null, null, null, '1', '1', null);

-- ----------------------------
-- Table structure for yum_department
-- ----------------------------
DROP TABLE IF EXISTS `yum_department`;
CREATE TABLE `yum_department` (
  `id` bigint(20) NOT NULL AUTO_INCREMENT COMMENT '自增主键',
  `dept_code` int(5) NOT NULL COMMENT '部门编码',
  `dept_name` varchar(10) NOT NULL COMMENT '部门名称',
  `parent_id` bigint(20) NOT NULL DEFAULT '0' COMMENT '父部门id',
  `dept_num` int(5) NOT NULL DEFAULT '0' COMMENT '部门人数',
  `creator_id` bigint(20) DEFAULT NULL COMMENT '创建人id',
  `created_date` datetime DEFAULT NULL COMMENT '创建时间',
  `modifier_id` bigint(20) DEFAULT NULL COMMENT '修改人id',
  `modified_date` datetime DEFAULT NULL COMMENT '修改时间',
  `is_delete` tinyint(1) NOT NULL DEFAULT '0' COMMENT '是否删除0:正常,1:已删除',
  PRIMARY KEY (`id`)
) ENGINE=InnoDB DEFAULT CHARSET=utf8mb4;

-- ----------------------------
-- Records of yum_department
-- ----------------------------

-- ----------------------------
-- Table structure for yum_leave
-- ----------------------------
DROP TABLE IF EXISTS `yum_leave`;
CREATE TABLE `yum_leave` (
  `id` bigint(20) NOT NULL AUTO_INCREMENT COMMENT '主键',
  `leave_code` int(5) NOT NULL COMMENT '请假编码',
  `leave_type` tinyint(1) NOT NULL COMMENT '请假类型0:事假1:病假',
  `reason` varchar(255) NOT NULL COMMENT '原因',
  `start_time` datetime NOT NULL COMMENT '开始时间',
  `end_time` datetime NOT NULL COMMENT '结束时间',
  `total_hours` int(3) NOT NULL COMMENT '申请时长',
  `owner_id` bigint(20) NOT NULL COMMENT '拥有人Id',
  `process_id` varchar(32) NOT NULL COMMENT '流程Id',
  `approve_status` tinyint(1) NOT NULL DEFAULT '0' COMMENT '审批状态0:待审批1:同意2驳回',
  `reject_reason` varchar(255) DEFAULT NULL COMMENT '驳回原因',
  `approver_id` bigint(20) NOT NULL,
  `creator_id` bigint(20) DEFAULT NULL,
  `created_date` datetime DEFAULT NULL,
  `modifier_id` bigint(20) DEFAULT NULL,
  `modified_date` datetime DEFAULT NULL,
  `is_delete` tinyint(1) NOT NULL,
  PRIMARY KEY (`id`)
) ENGINE=InnoDB AUTO_INCREMENT=3 DEFAULT CHARSET=utf8mb4;

-- ----------------------------
-- Records of yum_leave
-- ----------------------------
INSERT INTO `yum_leave` VALUES ('1', '70001', '0', '玩玩', '2020-08-21 16:28:52', '2020-08-21 23:28:54', '12', '1', '12501', '1', null, '2', null, '2020-08-21 16:29:32', null, null, '0');
INSERT INTO `yum_leave` VALUES ('2', '70002', '0', '你猜猜', '2020-08-22 14:33:34', '2020-08-22 14:33:36', '12', '1', '20001', '0', null, '2', null, '2020-08-22 14:33:44', null, null, '0');

-- ----------------------------
-- Table structure for yum_menu
-- ----------------------------
DROP TABLE IF EXISTS `yum_menu`;
CREATE TABLE `yum_menu` (
  `id` bigint(20) NOT NULL AUTO_INCREMENT COMMENT '自增主键',
  `menu_code` int(5) NOT NULL COMMENT '菜单编码',
  `menu_name` varchar(10) NOT NULL COMMENT '目录名称',
  `path` varchar(30) NOT NULL COMMENT '菜单路径',
  `parent_id` bigint(20) NOT NULL COMMENT '父级菜单',
  `icon` varchar(50) DEFAULT NULL COMMENT '菜单图标',
  `disabled` tinyint(1) NOT NULL DEFAULT '0' COMMENT '是否禁用0:否,1:是',
  `creator_id` bigint(20) DEFAULT NULL COMMENT '创建人id',
  `created_date` datetime DEFAULT NULL COMMENT '创建时间',
  `modifier_id` bigint(20) DEFAULT NULL COMMENT '修改人id',
  `modified_date` datetime DEFAULT NULL COMMENT '修改时间',
  `is_delete` tinyint(1) NOT NULL COMMENT '是否删除0:正常,1:已删除',
  PRIMARY KEY (`id`)
) ENGINE=InnoDB AUTO_INCREMENT=7 DEFAULT CHARSET=utf8mb4;

-- ----------------------------
-- Records of yum_menu
-- ----------------------------
INSERT INTO `yum_menu` VALUES ('1', '10001', '用户管理', '/user', '0', 'el-icon-document', '0', '1', '2020-08-17 08:27:10', '1', null, '0');
INSERT INTO `yum_menu` VALUES ('2', '10002', '用户列表', '/index/userList', '1', '', '0', '1', '2020-08-17 08:28:48', '1', null, '0');
INSERT INTO `yum_menu` VALUES ('3', '20003', '菜单管理', '/menu', '0', 'el-icon-menu', '0', '1', '2020-08-17 08:30:31', '1', null, '0');
INSERT INTO `yum_menu` VALUES ('4', '20004', '菜单列表', '/index/menuList', '3', '', '0', '1', '2020-08-17 08:31:37', '1', null, '0');
INSERT INTO `yum_menu` VALUES ('5', '50001', '审批管理', '/index/workflow', '0', 'el-icon-s-marketing operate-edit', '0', '1', '2020-08-18 08:31:37', '1', null, '0');
INSERT INTO `yum_menu` VALUES ('6', '50002', '流程列表', '/index/flowList', '5', '', '0', '1', '2020-08-18 08:31:37', '1', null, '0');

-- ----------------------------
-- Table structure for yum_role
-- ----------------------------
DROP TABLE IF EXISTS `yum_role`;
CREATE TABLE `yum_role` (
  `id` bigint(20) NOT NULL AUTO_INCREMENT COMMENT '自增主键',
  `role_code` int(5) NOT NULL COMMENT '角色编号',
  `role_name` varchar(10) NOT NULL COMMENT '角色名称',
  `role_num` int(5) NOT NULL DEFAULT '0' COMMENT '角色人数',
  `creator_id` bigint(20) DEFAULT NULL COMMENT '创建人ID',
  `created_date` datetime DEFAULT NULL COMMENT '创建日期',
  `modifier_id` bigint(20) DEFAULT NULL COMMENT '修改人id',
  `modified_date` datetime DEFAULT NULL COMMENT '修改日期',
  `is_delete` tinyint(1) NOT NULL COMMENT '是否删除0:正常1:已删除',
  PRIMARY KEY (`id`)
) ENGINE=InnoDB DEFAULT CHARSET=utf8mb4;

-- ----------------------------
-- Records of yum_role
-- ----------------------------

-- ----------------------------
-- Table structure for yum_user
-- ----------------------------
DROP TABLE IF EXISTS `yum_user`;
CREATE TABLE `yum_user` (
  `id` bigint(20) NOT NULL AUTO_INCREMENT COMMENT '自增主键',
  `user_code` int(5) NOT NULL COMMENT '员工编号',
  `username` varchar(10) NOT NULL DEFAULT '' COMMENT '用户名称',
  `mobile` varchar(11) NOT NULL COMMENT '手机号码',
  `avatar` varchar(200) DEFAULT NULL COMMENT '用户头像',
  `gender` char(1) NOT NULL COMMENT '用户性别 0:男,1:女',
  `age` tinyint(2) NOT NULL COMMENT '年龄',
  `password` varchar(32) NOT NULL COMMENT '登录密码',
  `dept_id` bigint(20) NOT NULL COMMENT '所在部门主键',
  `role_id` bigint(20) NOT NULL COMMENT '所属角色主键',
  `creator_id` bigint(20) DEFAULT NULL COMMENT '创建人',
  `created_date` datetime DEFAULT NULL COMMENT '创建时间',
  `modifier_id` bigint(20) DEFAULT NULL COMMENT '修改人id',
  `modified_date` datetime DEFAULT NULL COMMENT '修改时间',
  `is_delete` tinyint(1) NOT NULL DEFAULT '0' COMMENT '是否删除0:正常,1:已删除',
  PRIMARY KEY (`id`)
) ENGINE=InnoDB AUTO_INCREMENT=3 DEFAULT CHARSET=utf8mb4;

-- ----------------------------
-- Records of yum_user
-- ----------------------------
INSERT INTO `yum_user` VALUES ('1', '10001', '超级管理员', '17505427612', 'avatar.jpg', '0', '18', '123', '0', '0', '0', '2020-08-15 14:23:22', '0', '2020-08-15 14:23:30', '0');
INSERT INTO `yum_user` VALUES ('2', '10002', '李傕', '18888888888', null, '0', '88', '123', '1', '1', null, '2020-08-21 18:03:37', null, null, '0');
